"app_name","platform","developer_company","app_category","version_number","version_release_date","is_current_version","initial_app_release_date","update_description_release_notes","standardized_update_categories","standardized_update_summary","source_url","data_quality_notes"
"Instagram","iOS","Instagram, Inc.","Photo & Video","428.1.0","Unavailable","Yes","Unavailable","Performance optimizations and stability improvements for a smoother, more reliable experience.","Bug fixes / performance improvements","Maintenance update focused on performance and stability improvements.","https://apps.apple.com/us/app/instagram/id389801252","Apple App Store shows relative release time only ('14h ago'); exact date unavailable."
"Instagram","iOS","Instagram, Inc.","Photo & Video","426.0.0","2026-04-20","No","Unavailable","Performance optimizations and stability improvements for a smoother, more reliable experience.","Bug fixes / performance improvements","Maintenance update focused on performance and stability improvements.","https://apps.apple.com/us/app/instagram/id389801252","Apple App Store shows month/day only; year normalized to 2026 from page context."
"Instagram","iOS","Instagram, Inc.","Photo & Video","425.0.0","2026-04-13","No","Unavailable","Performance optimizations and stability improvements for a smoother, more reliable experience.","Bug fixes / performance improvements","Maintenance update focused on performance and stability improvements.","https://apps.apple.com/us/app/instagram/id389801252","Apple App Store shows month/day only; year normalized to 2026 from page context."
"Instagram","iOS","Instagram, Inc.","Photo & Video","424.1","2026-04-09","No","Unavailable","Performance optimizations and stability improvements for a smoother, more reliable experience.","Bug fixes / performance improvements","Maintenance update focused on performance and stability improvements.","https://apps.apple.com/us/app/instagram/id389801252","Apple App Store shows month/day only; year normalized to 2026 from page context."
"Instagram","iOS","Instagram, Inc.","Photo & Video","424.0.0","2026-04-06","No","Unavailable","Performance optimizations and stability improvements for a smoother, more reliable experience.","Bug fixes / performance improvements","Maintenance update focused on performance and stability improvements.","https://apps.apple.com/us/app/instagram/id389801252","Apple App Store shows month/day only; year normalized to 2026 from page context."
"Instagram","iOS","Instagram, Inc.","Photo & Video","423.1.0","2026-04-02","No","Unavailable","Performance optimizations and stability improvements for a smoother, more reliable experience.","Bug fixes / performance improvements","Maintenance update focused on performance and stability improvements.","https://apps.apple.com/us/app/instagram/id389801252","Apple App Store shows month/day only; year normalized to 2026 from page context."
"Instagram","iOS","Instagram, Inc.","Photo & Video","423.0.0","2026-03-30","No","Unavailable","Performance optimizations and stability improvements for a smoother, more reliable experience.","Bug fixes / performance improvements","Maintenance update focused on performance and stability improvements.","https://apps.apple.com/us/app/instagram/id389801252","Apple App Store shows month/day only; year normalized to 2026 from page context."
"Instagram","iOS","Instagram, Inc.","Photo & Video","422.1.0","2026-03-25","No","Unavailable","Performance optimizations and stability improvements for a smoother, more reliable experience.","Bug fixes / performance improvements","Maintenance update focused on performance and stability improvements.","https://apps.apple.com/us/app/instagram/id389801252","Apple App Store shows month/day only; year normalized to 2026 from page context."
"Instagram","iOS","Instagram, Inc.","Photo & Video","422.0.0","2026-03-24","No","Unavailable","Performance optimizations and stability improvements for a smoother, more reliable experience.","Bug fixes / performance improvements","Maintenance update focused on performance and stability improvements.","https://apps.apple.com/us/app/instagram/id389801252","Apple App Store shows month/day only; year normalized to 2026 from page context."
"Instagram","iOS","Instagram, Inc.","Photo & Video","421.1.0","2026-03-17","No","Unavailable","Performance optimizations and stability improvements for a smoother, more reliable experience.","Bug fixes / performance improvements","Maintenance update focused on performance and stability improvements.","https://apps.apple.com/us/app/instagram/id389801252","Apple App Store shows month/day only; year normalized to 2026 from page context."
"TikTok","iOS","TikTok Ltd.","Entertainment","44.9.0","2026-04-27","Yes","2014-04-02","We've made it even easier to shoot videos!","New product feature","Creation-tool update that simplifies shooting videos.","https://apps.apple.com/us/app/tiktok-videos-shop-live/id835599320 | https://appagg.com/ios/entertainment/tiktok-videos-shop-live-9311680.html?hl=en","Apple parsed page does not expose first iOS release date; AppAgg used for initial release date."
"TikTok","iOS","TikTok Ltd.","Entertainment","44.8.0","2026-04-21","No","2014-04-02","Enjoy a better video browsing experience on our enhanced feed.","UI / design changes; Personalization / recommendations","Feed and browsing update aimed at improving content discovery and viewing experience.","https://apps.apple.com/us/app/tiktok-videos-shop-live/id835599320 | https://appagg.com/ios/entertainment/tiktok-videos-shop-live-9311680.html?hl=en","Apple App Store version history shows month/day without year; normalized to 2026 based on page context; initial iOS release date sourced from AppAgg."
"TikTok","iOS","TikTok Ltd.","Entertainment","44.7.0","2026-04-15","No","2014-04-02","Squashed bugs for better experience.","Bug fixes / performance improvements","Maintenance update focused on bug fixes and performance improvements.","https://apps.apple.com/us/app/tiktok-videos-shop-live/id835599320 | https://appagg.com/ios/entertainment/tiktok-videos-shop-live-9311680.html?hl=en","Apple App Store version history shows month/day without year; normalized to 2026 based on page context; initial iOS release date sourced from AppAgg."
"TikTok","iOS","TikTok Ltd.","Entertainment","44.6.0","2026-04-07","No","2014-04-02","Easily post videos and photos on TikTok with bug fixes and performance improvements.","Bug fixes / performance improvements; New product feature","Posting workflow update combined with bug-fix and performance maintenance.","https://apps.apple.com/us/app/tiktok-videos-shop-live/id835599320 | https://appagg.com/ios/entertainment/tiktok-videos-shop-live-9311680.html?hl=en","Apple App Store version history shows month/day without year; normalized to 2026 based on page context; initial iOS release date sourced from AppAgg."
"TikTok","iOS","TikTok Ltd.","Entertainment","44.5.0","2026-03-30","No","2014-04-02","Sharing your favorite TikTok content with friends is now a lot easier.","UI / design changes; New product feature","Sharing workflow update that makes sending TikTok content easier.","https://apps.apple.com/us/app/tiktok-videos-shop-live/id835599320 | https://appagg.com/ios/entertainment/tiktok-videos-shop-live-9311680.html?hl=en","Apple App Store version history shows month/day without year; normalized to 2026 based on page context; initial iOS release date sourced from AppAgg."
"TikTok","iOS","TikTok Ltd.","Entertainment","44.4.0","2026-03-24","No","2014-04-02","We've fixed some bugs and updated features to improve your experience on TikTok.","Bug fixes / performance improvements; New product feature","Mixed maintenance and feature-polish update.","https://apps.apple.com/us/app/tiktok-videos-shop-live/id835599320 | https://appagg.com/ios/entertainment/tiktok-videos-shop-live-9311680.html?hl=en","Apple App Store version history shows month/day without year; normalized to 2026 based on page context; initial iOS release date sourced from AppAgg."
"TikTok","iOS","TikTok Ltd.","Entertainment","44.3.0","2026-03-17","No","2014-04-02","We polish up TikTok to make creating and browsing on our app faster and better than ever.","Bug fixes / performance improvements; UI / design changes","Maintenance and UX polish update for creation and browsing flows.","https://apps.apple.com/us/app/tiktok-videos-shop-live/id835599320 | https://appagg.com/ios/entertainment/tiktok-videos-shop-live-9311680.html?hl=en","Apple App Store version history shows month/day without year; normalized to 2026 based on page context; initial iOS release date sourced from AppAgg."
"TikTok","iOS","TikTok Ltd.","Entertainment","44.2.0","2026-03-12","No","2014-04-02","We've rolled out performance improvements and bug fixes. Thanks for using TikTok!","Bug fixes / performance improvements","Maintenance update focused on bug fixes and performance improvements.","https://apps.apple.com/us/app/tiktok-videos-shop-live/id835599320 | https://appagg.com/ios/entertainment/tiktok-videos-shop-live-9311680.html?hl=en","Apple App Store version history shows month/day without year; normalized to 2026 based on page context; initial iOS release date sourced from AppAgg."
"TikTok","iOS","TikTok Ltd.","Entertainment","43.9.0","2026-02-24","No","2014-04-02","Easily add a sound to your video.","New product feature","Creation-tool update that simplifies adding audio to videos.","https://apps.apple.com/us/app/tiktok-videos-shop-live/id835599320 | https://appagg.com/ios/entertainment/tiktok-videos-shop-live-9311680.html?hl=en","Apple App Store version history shows month/day without year; normalized to 2026 based on page context; initial iOS release date sourced from AppAgg."
"TikTok","iOS","TikTok Ltd.","Entertainment","43.8.0","2026-02-10","No","2014-04-02","Add the latest stickers to your videos.","New product feature","Creative-tools update adding new stickers to video posts.","https://apps.apple.com/us/app/tiktok-videos-shop-live/id835599320 | https://appagg.com/ios/entertainment/tiktok-videos-shop-live-9311680.html?hl=en","Apple App Store version history shows month/day without year; normalized to 2026 based on page context; initial iOS release date sourced from AppAgg."
"YouTube","iOS","Google LLC","Photo & Video","21.18.4","Unavailable","Yes","Unavailable","Bug fixes, stability improvements, repairs to space-time continuum.","Bug fixes / performance improvements","Maintenance update focused on bug fixes, stability, and performance.","https://apps.apple.com/us/app/youtube/id544007664","Apple App Store shows relative release time only ('1d ago'); exact date unavailable."
"YouTube","iOS","Google LLC","Photo & Video","21.17.3","2026-04-26","No","Unavailable","We fixed the tubes that bring you videos – and some bugs too.","Bug fixes / performance improvements","Maintenance update focused on bug fixes and service reliability.","https://apps.apple.com/us/app/youtube/id544007664","Apple App Store shows month/day only; year normalized to 2026 from page context."
"YouTube","iOS","Google LLC","Photo & Video","21.16.2","2026-04-19","No","Unavailable","Bug fixes, performance improvements, and more cat videos.","Bug fixes / performance improvements","Maintenance update focused on bug fixes and performance improvements.","https://apps.apple.com/us/app/youtube/id544007664","Apple App Store shows month/day only; year normalized to 2026 from page context."
"YouTube","iOS","Google LLC","Photo & Video","21.15.05","2026-04-15","No","Unavailable","Fixed bugs, improved performance, explored the edges of the known universe.","Bug fixes / performance improvements","Maintenance update focused on bug fixes and performance improvements.","https://apps.apple.com/us/app/youtube/id544007664","Apple App Store shows month/day only; year normalized to 2026 from page context."
"YouTube","iOS","Google LLC","Photo & Video","21.15.04","2026-04-13","No","Unavailable","Fixed bugs, improved performance, explored the edges of the known universe.","Bug fixes / performance improvements","Maintenance update focused on bug fixes and performance improvements.","https://apps.apple.com/us/app/youtube/id544007664","Apple App Store shows month/day only; year normalized to 2026 from page context."
"YouTube","iOS","Google LLC","Photo & Video","21.14.4","2026-04-06","No","Unavailable","Fixed bugs, improved performance, drank way too much coffee.","Bug fixes / performance improvements","Maintenance update focused on bug fixes and performance improvements.","https://apps.apple.com/us/app/youtube/id544007664","Apple App Store shows month/day only; year normalized to 2026 from page context."
"YouTube","iOS","Google LLC","Photo & Video","21.13.6","2026-03-30","No","Unavailable","Fixed bugs, improved performance, took the afternoon off.","Bug fixes / performance improvements","Maintenance update focused on bug fixes and performance improvements.","https://apps.apple.com/us/app/youtube/id544007664","Apple App Store shows month/day only; year normalized to 2026 from page context."
"YouTube","iOS","Google LLC","Photo & Video","21.12.4","2026-03-23","No","Unavailable","Bug fixes, stability improvements, repairs to space-time continuum.","Bug fixes / performance improvements","Maintenance update focused on bug fixes, stability, and performance.","https://apps.apple.com/us/app/youtube/id544007664","Apple App Store shows month/day only; year normalized to 2026 from page context."
"YouTube","iOS","Google LLC","Photo & Video","21.11.4","2026-03-15","No","Unavailable","We fixed the tubes that bring you videos – and some bugs too.","Bug fixes / performance improvements","Maintenance update focused on bug fixes and service reliability.","https://apps.apple.com/us/app/youtube/id544007664","Apple App Store shows month/day only; year normalized to 2026 from page context."
"YouTube","iOS","Google LLC","Photo & Video","21.10.2","2026-03-08","No","Unavailable","Bug fixes, performance improvements, and more cat videos.","Bug fixes / performance improvements","Maintenance update focused on bug fixes and performance improvements.","https://apps.apple.com/us/app/youtube/id544007664","Apple App Store shows month/day only; year normalized to 2026 from page context."
"Instagram","Android","Meta Platforms, Inc.","Social","427.0.0.47.73","2026-04-27","Yes","2012-04","Unavailable","Other","Release notes unavailable or missing.","https://play.google.com/store/apps/details?id=com.instagram.android | https://www.appbrain.com/app/instagram/com.instagram.android","Google Play supplied current status/date; AppBrain supplied version and initial release month; release notes were not exposed."
"TikTok","Android","TikTok Pte. Ltd.","Social","Unavailable","2026-04-30","Yes","2015-07","We've made it even easier to shoot videos!","New product feature","Creation-tool update that simplifies shooting videos.","https://play.google.com/store/apps/details?id=com.zhiliaoapp.musically | https://www.appbrain.com/app/tiktok-videos-shop-live/com.zhiliaoapp.musically","Google Play supplied current date and note but not version number; AppBrain supplied initial release month."
"TikTok","Android","TikTok Pte. Ltd.","Social","44.9.3","2026-04-24","No","2015-07","Enjoy a better video browsing experience on our enhanced feed.","UI / design changes; Personalization / recommendations","Feed and browsing update aimed at improving content discovery and viewing experience.","https://www.apkmirror.com/apk/tiktok-pte-ltd/tik-tok-including-musical-ly/tiktok-44-9-3-release/ | https://www.appbrain.com/app/tiktok-videos-shop-live/com.zhiliaoapp.musically","APKMirror supplied APK upload date and version-specific note; rollout timing may differ from Google Play."
"TikTok","Android","TikTok Pte. Ltd.","Social","44.9.2","2026-04-22","No","2015-07","Enjoy a better video browsing experience on our enhanced feed.","UI / design changes; Personalization / recommendations","Feed and browsing update aimed at improving content discovery and viewing experience.","https://www.apkmirror.com/apk/tiktok-pte-ltd/tik-tok-including-musical-ly/tiktok-44-9-2-release/ | https://www.appbrain.com/app/tiktok-videos-shop-live/com.zhiliaoapp.musically","APKMirror supplied APK upload date and version-specific note; rollout timing may differ from Google Play."
"TikTok","Android","TikTok Pte. Ltd.","Social","44.8.3","2026-04-18","No","2015-07","Easily post videos and photos on TikTok with bug fixes and performance improvements.","Bug fixes / performance improvements; New product feature","Posting workflow update combined with bug-fix and performance maintenance.","https://www.apkmirror.com/apk/tiktok-pte-ltd/tik-tok-including-musical-ly/tiktok-44-8-3-release/ | https://www.appbrain.com/app/tiktok-videos-shop-live/com.zhiliaoapp.musically","APKMirror supplied APK upload date and version-specific note; rollout timing may differ from Google Play."
"YouTube","Android","Google LLC","Video Players & Editors","Unavailable","2026-05-04","Yes","2010-10","For new features, look for in-product education & notifications sharing the feature and how to use it!","New product feature","Generic release note indicating ongoing feature rollout guidance rather than specific feature detail.","https://play.google.com/store/apps/details?id=com.google.android.youtube | https://www.appbrain.com/app/youtube/com.google.android.youtube","Google Play supplied current date and note but not version number; AppBrain supplied initial release month."
"YouTube","Android","Google LLC","Video Players & Editors","21.17.482","2026-05-02","No","2010-10","For new features, look for in-product education & notifications sharing the feature and how to use it!","New product feature","Generic release note indicating ongoing feature rollout guidance rather than specific feature detail.","https://www.apkmirror.com/apk/google-inc/youtube/youtube-21-17-482-release/youtube-21-17-482-4-android-apk-download/ | https://www.appbrain.com/app/youtube/com.google.android.youtube","APKMirror supplied APK upload date and version-specific note; rollout timing may differ from Google Play."
"YouTube","Android","Google LLC","Video Players & Editors","21.16.246","2026-04-29","No","2010-10","For new features, look for in-product education & notifications sharing the feature and how to use it!","New product feature","Generic release note indicating ongoing feature rollout guidance rather than specific feature detail.","https://www.apkmirror.com/apk/google-inc/youtube/youtube-21-16-246-release/youtube-21-16-246-4-android-apk-download/ | https://www.appbrain.com/app/youtube/com.google.android.youtube","APKMirror supplied APK upload date and version-specific note; rollout timing may differ from Google Play."
"YouTube","Android","Google LLC","Video Players & Editors","20.46.40","2025-11-22","No","2010-10","For new features, look for in-product education & notifications sharing the feature and how to use it!","New product feature","Generic release note indicating ongoing feature rollout guidance rather than specific feature detail.","https://www.apkmirror.com/apk/google-inc/youtube/youtube-20-46-40-release/youtube-20-46-40-android-apk-download/ | https://www.appbrain.com/app/youtube/com.google.android.youtube","APKMirror supplied APK upload date and version-specific note; rollout timing may differ from Google Play."
"Netflix","iOS","Netflix, Inc.","Entertainment","18.30.0","Unavailable","Yes","Unavailable","We’re working on the app experience. You work on what, when, and how you watch next. That's equally as important. We know you have choices. In this release, we made gallery improvements so it’s easier to find the perfect thing to watch.","UI / design changes","Gallery/discovery UI refinement to make browsing titles easier.","https://apps.apple.com/us/app/netflix/id363590051","App Store HTML showed the current release timing only as '13h ago'; exact YYYY-MM-DD was not exposed in the fetched page."
"Netflix","iOS","Netflix, Inc.","Entertainment","18.29.0","2026-04-27","No","Unavailable","Get the best experience for enjoying recent hits and timeless classics with our latest Netflix update for your iPhone and iPad. No matter your mood—we’ve got options. In this version we made player improvements to make watching them even better.","Bug fixes / performance improvements","Player-related performance refinement for video playback.","https://apps.apple.com/us/app/netflix/id363590051","Official App Store history; release note wording is relatively templated."
"Netflix","iOS","Netflix, Inc.","Entertainment","18.28.0","2026-04-20","No","Unavailable","Get the best experience for enjoying recent hits and timeless classics with our latest Netflix update for your iPhone and iPad. We know you have choices. In this release, we made gallery improvements so it’s easier to find the perfect thing to watch.","UI / design changes","Gallery/discovery UI refinement to make browsing titles easier.","https://apps.apple.com/us/app/netflix/id363590051","Official App Store history; release note wording repeats over time."
"Netflix","iOS","Netflix, Inc.","Entertainment","18.27.0","2026-04-13","No","Unavailable","Get the best experience for enjoying recent hits and timeless classics with our latest Netflix update for your iPhone and iPad. And in this release, we fixed bugs and made performance improvements. Just for you.","Bug fixes / performance improvements","Maintenance release focused on bug fixes and performance.","https://apps.apple.com/us/app/netflix/id363590051","Official App Store history."
"Netflix","iOS","Netflix, Inc.","Entertainment","18.26.0","2026-04-06","No","Unavailable","Keep your app updated to get the latest Netflix experience on your iPhone and iPad. We want to help you find your next favorite show. This update’s playback improvements will help make it look even better too.","Bug fixes / performance improvements","Playback quality/performance maintenance update.","https://apps.apple.com/us/app/netflix/id363590051","Official App Store history; exact feature detail is limited."
"Netflix","iOS","Netflix, Inc.","Entertainment","18.25.0","2026-03-30","No","Unavailable","Keep your app updated to get the latest Netflix experience on your iPhone and iPad. No matter your mood—we’ve got options. In this version we made player improvements to make watching them even better.","Bug fixes / performance improvements","Player-related performance refinement for video playback.","https://apps.apple.com/us/app/netflix/id363590051","Official App Store history; wording is highly templated."
"Netflix","iOS","Netflix, Inc.","Entertainment","18.24.0","2026-03-23","No","Unavailable","Keep your app updated to get the latest Netflix experience on your iPhone and iPad. We know you have choices. In this release, we made gallery improvements so it’s easier to find the perfect thing to watch.","UI / design changes","Gallery/discovery UI refinement to make browsing titles easier.","https://apps.apple.com/us/app/netflix/id363590051","Official App Store history; release note wording repeats over time."
"Netflix","iOS","Netflix, Inc.","Entertainment","18.23.1","2026-03-17","No","Unavailable","Keep your app updated to get the latest Netflix experience on your iPhone and iPad. And in this release, we fixed bugs and made performance improvements. Just for you.","Bug fixes / performance improvements","Maintenance release focused on bug fixes and performance.","https://apps.apple.com/us/app/netflix/id363590051","Official App Store history."
"Netflix","iOS","Netflix, Inc.","Entertainment","18.23.0","2026-03-16","No","Unavailable","We’re working on the app experience. You work on what, when, and how you watch next. That's equally as important. We want to help you find your next favorite show. This update’s playback improvements will help make it look even better too.","Bug fixes / performance improvements","Playback quality/performance maintenance update.","https://apps.apple.com/us/app/netflix/id363590051","Official App Store history; exact functional scope is broad."
"Netflix","iOS","Netflix, Inc.","Entertainment","18.22.0","2026-03-09","No","Unavailable","Get the best experience for enjoying recent hits and timeless classics with our latest Netflix update for your iPhone and iPad. We want to help you find your next favorite show. This update’s playback improvements will help make it look even better too.","Bug fixes / performance improvements","Playback quality/performance maintenance update.","https://apps.apple.com/us/app/netflix/id363590051","Official App Store history."
"Netflix","iOS","Netflix, Inc.","Entertainment","18.21.0","2026-03-02","No","Unavailable","Get the best experience for enjoying recent hits and timeless classics with our latest Netflix update for your iPhone and iPad. No matter your mood—we’ve got options. In this version we made player improvements to make watching them even better.","Bug fixes / performance improvements","Player-related performance refinement for video playback.","https://apps.apple.com/us/app/netflix/id363590051","Official App Store history; adjacent releases often rotate between gallery/player/bug-fix templates."
"Spotify","iOS","Spotify","Music","9.1.44","Unavailable","Yes","Unavailable","We’re always making changes and improvements to Spotify. To make sure you don’t miss a thing, just keep your Updates turned on.","Other","Generic maintenance release; Spotify did not disclose feature-level changes.","https://apps.apple.com/us/app/spotify-music-and-podcasts/id324684580","App Store HTML exposed the current release timing only as '5d ago'; exact YYYY-MM-DD was not shown. Release notes are generic and repeated across versions."
"Spotify","iOS","Spotify","Music","9.1.42","2026-04-23","No","Unavailable","We’re always making changes and improvements to Spotify. To make sure you don’t miss a thing, just keep your Updates turned on.","Other","Generic maintenance release; Spotify did not disclose feature-level changes.","https://apps.apple.com/us/app/spotify-music-and-podcasts/id324684580","Official App Store history; release note is generic and repeated across many versions."
"Spotify","iOS","Spotify","Music","9.1.40","2026-04-21","No","Unavailable","We’re always making changes and improvements to Spotify. To make sure you don’t miss a thing, just keep your Updates turned on.","Other","Generic maintenance release; Spotify did not disclose feature-level changes.","https://apps.apple.com/us/app/spotify-music-and-podcasts/id324684580","Official App Store history; release note is generic and repeated across many versions."
"Spotify","iOS","Spotify","Music","9.1.36","2026-04-13","No","Unavailable","We’re always making changes and improvements to Spotify. To make sure you don’t miss a thing, just keep your Updates turned on.","Other","Generic maintenance release; Spotify did not disclose feature-level changes.","https://apps.apple.com/us/app/spotify-music-and-podcasts/id324684580","Official App Store history; release note is generic and repeated across many versions."
"Spotify","iOS","Spotify","Music","9.1.34","2026-04-07","No","Unavailable","We’re always making changes and improvements to Spotify. To make sure you don’t miss a thing, just keep your Updates turned on.","Other","Generic maintenance release; Spotify did not disclose feature-level changes.","https://apps.apple.com/us/app/spotify-music-and-podcasts/id324684580","Official App Store history; release note is generic and repeated across many versions."
"Spotify","iOS","Spotify","Music","9.1.32","2026-03-27","No","Unavailable","We’re always making changes and improvements to Spotify. To make sure you don’t miss a thing, just keep your Updates turned on.","Other","Generic maintenance release; Spotify did not disclose feature-level changes.","https://apps.apple.com/us/app/spotify-music-and-podcasts/id324684580","Official App Store history; release note is generic and repeated across many versions."
"Spotify","iOS","Spotify","Music","9.1.30","2026-03-25","No","Unavailable","We’re always making changes and improvements to Spotify. To make sure you don’t miss a thing, just keep your Updates turned on.","Other","Generic maintenance release; Spotify did not disclose feature-level changes.","https://apps.apple.com/us/app/spotify-music-and-podcasts/id324684580","Official App Store history; release note is generic and repeated across many versions."
"Spotify","iOS","Spotify","Music","9.1.28","2026-03-04","No","Unavailable","We’re always making changes and improvements to Spotify. To make sure you don’t miss a thing, just keep your Updates turned on.","Other","Generic maintenance release; Spotify did not disclose feature-level changes.","https://apps.apple.com/us/app/spotify-music-and-podcasts/id324684580","Official App Store history; release note is generic and repeated across many versions."
"Spotify","iOS","Spotify","Music","9.1.26","2026-03-02","No","Unavailable","We’re always making changes and improvements to Spotify. To make sure you don’t miss a thing, just keep your Updates turned on.","Other","Generic maintenance release; Spotify did not disclose feature-level changes.","https://apps.apple.com/us/app/spotify-music-and-podcasts/id324684580","Official App Store history; release note is generic and repeated across many versions."
"Spotify","iOS","Spotify","Music","9.1.24","2026-02-20","No","Unavailable","We’re always making changes and improvements to Spotify. To make sure you don’t miss a thing, just keep your Updates turned on.","Other","Generic maintenance release; Spotify did not disclose feature-level changes.","https://apps.apple.com/us/app/spotify-music-and-podcasts/id324684580","Official App Store history; release note is generic and repeated across many versions."
"Spotify","iOS","Spotify","Music","9.1.22","2026-02-11","No","Unavailable","We’re always making changes and improvements to Spotify. To make sure you don’t miss a thing, just keep your Updates turned on.","Other","Generic maintenance release; Spotify did not disclose feature-level changes.","https://apps.apple.com/us/app/spotify-music-and-podcasts/id324684580","Official App Store history; release note is generic and repeated across many versions."
"Google Docs","iOS","Google LLC","Productivity","1.2026.18100","Unavailable","Yes","Unavailable","Security improvements, bug fixes, and performance improvements.","Bug fixes / performance improvements; Security / account safety","Security, stability, and performance maintenance release.","https://apps.apple.com/us/app/google-docs/id842842640","App Store HTML showed the current release timing only as '15h ago'; exact YYYY-MM-DD was not exposed."
"Google Docs","iOS","Google LLC","Productivity","1.2026.16101","2026-04-27","No","Unavailable","Security improvements, bug fixes, and performance improvements.","Bug fixes / performance improvements; Security / account safety","Security, stability, and performance maintenance release.","https://apps.apple.com/us/app/google-docs/id842842640","Official App Store history; release notes are repetitive and provide limited feature detail."
"Google Docs","iOS","Google LLC","Productivity","1.2026.15101","2026-04-13","No","Unavailable","Security improvements, bug fixes, and performance improvements.","Bug fixes / performance improvements; Security / account safety","Security, stability, and performance maintenance release.","https://apps.apple.com/us/app/google-docs/id842842640","Official App Store history; release notes are repetitive and provide limited feature detail."
"Google Docs","iOS","Google LLC","Productivity","1.2026.14100","2026-04-06","No","Unavailable","Security improvements, bug fixes, and performance improvements.","Bug fixes / performance improvements; Security / account safety","Security, stability, and performance maintenance release.","https://apps.apple.com/us/app/google-docs/id842842640","Official App Store history; release notes are repetitive and provide limited feature detail."
"Google Docs","iOS","Google LLC","Productivity","1.2026.13103","2026-03-30","No","Unavailable","Security improvements, bug fixes, and performance improvements.","Bug fixes / performance improvements; Security / account safety","Security, stability, and performance maintenance release.","https://apps.apple.com/us/app/google-docs/id842842640","Official App Store history; release notes are repetitive and provide limited feature detail."
"Google Docs","iOS","Google LLC","Productivity","1.2026.12102","2026-03-23","No","Unavailable","Security improvements, bug fixes, and performance improvements.","Bug fixes / performance improvements; Security / account safety","Security, stability, and performance maintenance release.","https://apps.apple.com/us/app/google-docs/id842842640","Official App Store history; release notes are repetitive and provide limited feature detail."
"Google Docs","iOS","Google LLC","Productivity","1.2026.11101","2026-03-16","No","Unavailable","Security improvements, bug fixes, and performance improvements.","Bug fixes / performance improvements; Security / account safety","Security, stability, and performance maintenance release.","https://apps.apple.com/us/app/google-docs/id842842640","Official App Store history; release notes are repetitive and provide limited feature detail."
"Google Docs","iOS","Google LLC","Productivity","1.2026.10101","2026-03-09","No","Unavailable","Security improvements, bug fixes, and performance improvements.","Bug fixes / performance improvements; Security / account safety","Security, stability, and performance maintenance release.","https://apps.apple.com/us/app/google-docs/id842842640","Official App Store history; release notes are repetitive and provide limited feature detail."
"Google Docs","iOS","Google LLC","Productivity","1.2026.09103","2026-03-02","No","Unavailable","Security improvements, bug fixes, and performance improvements.","Bug fixes / performance improvements; Security / account safety","Security, stability, and performance maintenance release.","https://apps.apple.com/us/app/google-docs/id842842640","Official App Store history; release notes are repetitive and provide limited feature detail."
"Google Docs","iOS","Google LLC","Productivity","1.2026.07501","2026-02-25","No","Unavailable","Security improvements, bug fixes, and performance improvements.","Bug fixes / performance improvements; Security / account safety","Security, stability, and performance maintenance release.","https://apps.apple.com/us/app/google-docs/id842842640","Official App Store history; release notes are repetitive and provide limited feature detail."
"Google Docs","iOS","Google LLC","Productivity","1.2026.07500","2026-02-23","No","Unavailable","Security improvements, bug fixes, and performance improvements.","Bug fixes / performance improvements; Security / account safety","Security, stability, and performance maintenance release.","https://apps.apple.com/us/app/google-docs/id842842640","Official App Store history; release notes are repetitive and provide limited feature detail."
"Netflix","Android","Netflix, Inc.","Entertainment","9.64.0 build 8 64068","2026-04-29","Yes","Unavailable","Get the best experience for enjoying recent hits and timeless classics with our latest Netflix update for your phone and tablet.","Other","Generic promotional update note; exact functional changes not disclosed.","https://www.apkmirror.com/apk/netflix-inc/netflix/netflix-9-64-0-build-8-64068-release/","APKMirror provides version/date history; release notes are generic/promotional and do not identify specific product changes."
"Netflix","Android","Netflix, Inc.","Entertainment","9.59.0 build 8 64133","2026-03-27","No","Unavailable","Get the best experience for enjoying recent hits and timeless classics with our latest Netflix update for your phone and tablet.","Other","Generic promotional update note; exact functional changes not disclosed.","https://www.apkmirror.com/apk/netflix-inc/netflix/netflix-9-59-0-build-8-64133-release/","APKMirror version history is available, but release notes remain generic/promotional."
"Netflix","Android","Netflix, Inc.","Entertainment","9.41.0 build 8 63737","2025-11-06","No","Unavailable","Get the best experience for enjoying recent hits and timeless classics with our latest Netflix update for your phone and tablet.","Other","Generic promotional update note; exact functional changes not disclosed.","https://www.apkmirror.com/apk/netflix-inc/netflix/netflix-9-41-0-build-8-63737-release/","Historical Android versions are feasible via APKMirror, but release notes provide little detail beyond marketing language."
"Spotify","Android","Spotify AB","Music & Audio","9.1.44.2120","2026-05-04","Yes","Unavailable","We’re always making changes and improvements to Spotify. To make sure you don’t miss a thing, just keep your Updates turned on.","Other","Generic maintenance release; Spotify did not disclose feature-level changes.","https://www.apkmirror.com/apk/spotify-ab/spotify-music-podcasts/spotify-music-and-podcasts-9-1-44-2120-release/","APKMirror provides version/date history; notes are generic and repeated across versions. Public Google Play HTML exposes category/developer/current note but not a clean full version history."
"Spotify","Android","Spotify AB","Music & Audio","9.1.36.1938","2026-03-30","No","Unavailable","We’re always making changes and improvements to Spotify. To make sure you don’t miss a thing, just keep your Updates turned on.","Other","Generic maintenance release; Spotify did not disclose feature-level changes.","https://www.apkmirror.com/apk/spotify-ab/spotify-music-podcasts/spotify-music-and-podcasts-9-1-36-1938-release/","APKMirror provides version/date history; notes are generic and repeated across versions. Public Google Play HTML exposes category/developer/current note but not a clean full version history."
"Spotify","Android","Spotify AB","Music & Audio","9.1.34.2060","2026-03-25","No","Unavailable","We’re always making changes and improvements to Spotify. To make sure you don’t miss a thing, just keep your Updates turned on.","Other","Generic maintenance release; Spotify did not disclose feature-level changes.","https://www.apkmirror.com/apk/spotify-ab/spotify-music-podcasts/spotify-music-and-podcasts-9-1-34-2060-release/","APKMirror provides version/date history; notes are generic and repeated across versions. Public Google Play HTML exposes category/developer/current note but not a clean full version history."
"Spotify","Android","Spotify AB","Music & Audio","9.1.24.1723","2026-02-17","No","Unavailable","We’re always making changes and improvements to Spotify. To make sure you don’t miss a thing, just keep your Updates turned on.","Other","Generic maintenance release; Spotify did not disclose feature-level changes.","https://www.apkmirror.com/apk/spotify-ab/spotify-music-podcasts/spotify-music-and-podcasts-9-1-24-1723-release/","APKMirror provides version/date history; notes are generic and repeated across versions. Public Google Play HTML exposes category/developer/current note but not a clean full version history."
"Google Docs","Android","Google LLC","Productivity","1.26.161.04.90","2026-05-04","Yes","Unavailable","Bug fixes and performance improvements","Bug fixes / performance improvements","Bug-fix and performance maintenance release.","https://www.apkmirror.com/apk/google-inc/docs/google-docs-1-26-161-04-release/","APKMirror was used for version/date because the fetched Google Play HTML did not expose a clean version number."
"Google Docs","Android","Google LLC","Productivity","1.26.141.05.90","2026-04-21","No","Unavailable","Bug fixes and performance improvements","Bug fixes / performance improvements","Bug-fix and performance maintenance release.","https://www.apkmirror.com/apk/google-inc/docs/google-docs-1-26-141-05-release/","APKMirror provides reliable dated historical releases."
"Google Docs","Android","Google LLC","Productivity","1.26.131.05.90","2026-04-21","No","Unavailable","Bug fixes and performance improvements","Bug fixes / performance improvements","Bug-fix and performance maintenance release.","https://www.apkmirror.com/apk/google-inc/docs/google-docs-1-26-131-05-release/","APKMirror provides reliable dated historical releases."
"Google Docs","Android","Google LLC","Productivity","1.25.112.01.90","2025-03-18","No","Unavailable","Bug fixes and performance improvements","Bug fixes / performance improvements","Bug-fix and performance maintenance release.","https://www.apkmirror.com/apk/google-inc/docs/google-docs-1-25-112-01-release/","The same version appeared across multiple APK/BUNDLE variants dated 2025-03-17 and 2025-03-18; 2025-03-18 is used here and the variant timing difference should be noted."
"PayPal","iOS","PayPal, Inc.","Finance","8.106.0","Unavailable","Yes","Unavailable","Get the latest update, so you can pay, send and save smarter. Unlock cash back offers and more. With PayPal, it really adds up.","Payments / monetization","Payment-focused update messaging highlighting PayPal spending, sending, saving, and rewards functionality.","https://apps.apple.com/us/app/paypal-pay-send-save/id283646709","App Store version history used. Current entry shows a relative timestamp only, so exact date was left Unavailable."
"PayPal","iOS","PayPal, Inc.","Finance","8.105.0","2026-04-20","No","Unavailable","Get the latest update, so you can pay, send and save smarter. Unlock cash back offers and more. With PayPal, it really adds up.","Payments / monetization","Payment-focused update messaging highlighting PayPal spending, sending, saving, and rewards functionality.","https://apps.apple.com/us/app/paypal-pay-send-save/id283646709","App Store month/day entry normalized to 2026 from page context."
"PayPal","iOS","PayPal, Inc.","Finance","8.104.1","2026-04-13","No","Unavailable","Get the latest update, so you can pay, send and save smarter. Unlock cash back offers and more. With PayPal, it really adds up.","Payments / monetization","Payment-focused update messaging highlighting PayPal spending, sending, saving, and rewards functionality.","https://apps.apple.com/us/app/paypal-pay-send-save/id283646709","App Store month/day entry normalized to 2026 from page context."
"PayPal","iOS","PayPal, Inc.","Finance","8.104.0","2026-04-06","No","Unavailable","Get the latest update, so you can pay, send and save smarter. Unlock cash back offers and more. With PayPal, it really adds up.","Payments / monetization","Payment-focused update messaging highlighting PayPal spending, sending, saving, and rewards functionality.","https://apps.apple.com/us/app/paypal-pay-send-save/id283646709","App Store month/day entry normalized to 2026 from page context."
"PayPal","iOS","PayPal, Inc.","Finance","8.103.0","2026-03-23","No","Unavailable","Get the latest update, so you can pay, send and save smarter. Unlock cash back offers and more. With PayPal, it really adds up.","Payments / monetization","Payment-focused update messaging highlighting PayPal spending, sending, saving, and rewards functionality.","https://apps.apple.com/us/app/paypal-pay-send-save/id283646709","App Store month/day entry normalized to 2026 from page context."
"PayPal","iOS","PayPal, Inc.","Finance","8.102.0","2026-03-05","No","Unavailable","Get the latest update, so you can pay, send and save smarter. Unlock cash back offers and more. With PayPal, it really adds up.","Payments / monetization","Payment-focused update messaging highlighting PayPal spending, sending, saving, and rewards functionality.","https://apps.apple.com/us/app/paypal-pay-send-save/id283646709","App Store month/day entry normalized to 2026 from page context."
"PayPal","iOS","PayPal, Inc.","Finance","8.101.0","2026-02-23","No","Unavailable","Get the latest update, so you can pay, send and save smarter. Unlock cash back offers and more. With PayPal, it really adds up.","Payments / monetization","Payment-focused update messaging highlighting PayPal spending, sending, saving, and rewards functionality.","https://apps.apple.com/us/app/paypal-pay-send-save/id283646709","App Store month/day entry normalized to 2026 from page context."
"PayPal","iOS","PayPal, Inc.","Finance","8.100.1","2026-02-11","No","Unavailable","Get the latest update, so you can pay, send and save smarter. Unlock cash back offers and more. With PayPal, it really adds up.","Payments / monetization","Payment-focused update messaging highlighting PayPal spending, sending, saving, and rewards functionality.","https://apps.apple.com/us/app/paypal-pay-send-save/id283646709","App Store month/day entry normalized to 2026 from page context."
"PayPal","Android","PayPal Mobile","Finance","8.105.1","2026-04-26","Yes","Unavailable","Get the latest update, so you can pay, send and save smarter. Unlock cash back offers and more. With PayPal, it really adds up.","Payments / monetization","Payment-focused update messaging highlighting PayPal spending, sending, saving, and rewards functionality.","https://play.google.com/store/apps/details?hl=en&id=com.paypal.android.p2pmobile | https://www.apkmirror.com/apk/paypal-mobile/paypal/paypal-pay-send-save-8-105-1-release/","Google Play parsed output did not expose a stable current version number; APKMirror was used to map the latest publicly indexed version and date. Staged rollout differences may exist."
"PayPal","Android","PayPal Mobile","Finance","8.103.0","2026-03-26","No","Unavailable","Get the latest update, so you can pay, send and save smarter. Unlock cash back offers and more. With PayPal, it really adds up.","Payments / monetization","Payment-focused update messaging highlighting PayPal spending, sending, saving, and rewards functionality.","https://www.apkmirror.com/apk/paypal-mobile/paypal/paypal-pay-send-save-8-103-0-release/","Version-specific Android history sourced from APKMirror; date is the APKMirror upload date and may not equal exact Google Play rollout timing."
"PayPal","Android","PayPal Mobile","Finance","8.100.1","2026-02-22","No","Unavailable","Get the latest update, so you can pay, send and save smarter. Unlock cash back offers and more. With PayPal, it really adds up.","Payments / monetization","Payment-focused update messaging highlighting PayPal spending, sending, saving, and rewards functionality.","https://www.apkmirror.com/apk/paypal-mobile/paypal/paypal-pay-send-save-8-100-1-release/","Version-specific Android history sourced from APKMirror; date is the APKMirror upload date and may not equal exact Google Play rollout timing."
"Amazon Shopping","iOS","AMZN Mobile LLC","Shopping","27.9.0","Unavailable","Yes","Unavailable","Our new design provides easier access to the features you use most while on the go. This includes the homepage, account and order information, your cart and the ability to browse and discover Amazon departments, products, programs, and features.","UI / design changes; New product feature","Redesign-focused update emphasizing easier access to navigation, account, cart, and browsing features.","https://apps.apple.com/us/app/amazon-shopping/id297606951","App Store version history used. Current entry shows a relative timestamp only, so exact date was left Unavailable."
"Amazon Shopping","iOS","AMZN Mobile LLC","Shopping","27.8.0","2026-04-20","No","Unavailable","Our new design provides easier access to the features you use most while on the go. This includes the homepage, account and order information, your cart and the ability to browse and discover Amazon departments, products, programs, and features.","UI / design changes; New product feature","Redesign-focused update emphasizing easier access to navigation, account, cart, and browsing features.","https://apps.apple.com/us/app/amazon-shopping/id297606951","App Store month/day entry normalized to 2026 from page context."
"Amazon Shopping","iOS","AMZN Mobile LLC","Shopping","27.7.0","2026-04-06","No","Unavailable","Our new design provides easier access to the features you use most while on the go. This includes the homepage, account and order information, your cart and the ability to browse and discover Amazon departments, products, programs, and features.","UI / design changes; New product feature","Redesign-focused update emphasizing easier access to navigation, account, cart, and browsing features.","https://apps.apple.com/us/app/amazon-shopping/id297606951","App Store month/day entry normalized to 2026 from page context."
"Amazon Shopping","iOS","AMZN Mobile LLC","Shopping","27.5.4","2026-04-01","No","Unavailable","Our new design provides easier access to the features you use most while on the go. This includes the homepage, account and order information, your cart and the ability to browse and discover Amazon departments, products, programs, and features. This update lets you connect your Apple Health data to your Amazon One Medical profile. This means: • Personalized health guidance — get insights from Health AI based on your actual sleep, activity, and heart rate data • Effortless tracking — your health data is automatically turned into actionable guidance by Health AI, no manual logging required. • Better care between visits — share daily vitals and trends with One Medical to help identify health issues early and take action sooner. Tap on medical care, then Health AI to get set up.","UI / design changes; AI-related features; Personalization / recommendations; New product feature","Added Health AI and Apple Health connectivity while continuing the broader navigation redesign.","https://apps.apple.com/us/app/amazon-shopping/id297606951","App Store month/day entry normalized to 2026 from page context."
"Amazon Shopping","iOS","AMZN Mobile LLC","Shopping","27.5.0","2026-03-26","No","Unavailable","Our new design provides easier access to the features you use most while on the go. This includes the homepage, account and order information, your cart and the ability to browse and discover Amazon departments, products, programs, and features.","UI / design changes; New product feature","Redesign-focused update emphasizing easier access to navigation, account, cart, and browsing features.","https://apps.apple.com/us/app/amazon-shopping/id297606951","App Store month/day entry normalized to 2026 from page context."
"Amazon Shopping","iOS","AMZN Mobile LLC","Shopping","27.4.0","2026-03-05","No","Unavailable","Our new design provides easier access to the features you use most while on the go. This includes the homepage, account and order information, your cart and the ability to browse and discover Amazon departments, products, programs, and features.","UI / design changes; New product feature","Redesign-focused update emphasizing easier access to navigation, account, cart, and browsing features.","https://apps.apple.com/us/app/amazon-shopping/id297606951","App Store month/day entry normalized to 2026 from page context."
"Amazon Shopping","iOS","AMZN Mobile LLC","Shopping","27.2","2026-01-30","No","Unavailable","Our new design provides easier access to the features you use most while on the go. This includes the homepage, account and order information, your cart and the ability to browse and discover Amazon departments, products, programs, and features.","UI / design changes; New product feature","Redesign-focused update emphasizing easier access to navigation, account, cart, and browsing features.","https://apps.apple.com/us/app/amazon-shopping/id297606951","App Store month/day entry normalized to 2026 from page context."
"Amazon Shopping","iOS","AMZN Mobile LLC","Shopping","27.1.0","2026-01-12","No","Unavailable","Our new design provides easier access to the features you use most while on the go. This includes the homepage, account and order information, your cart and the ability to browse and discover Amazon departments, products, programs, and features.","UI / design changes; New product feature","Redesign-focused update emphasizing easier access to navigation, account, cart, and browsing features.","https://apps.apple.com/us/app/amazon-shopping/id297606951","App Store month/day entry normalized to 2026 from page context."
"Amazon Shopping","Android","Amazon Mobile LLC","Shopping","32.9.0.100","2026-04-23","Yes","2014-12","Access popular pages quickly with our new shortcuts. Tap and hold the Amazon app icon to access your Orders, Daily Deals, Shopping Cart, and Search. Enjoy our latest update where we have fixed some bugs and improved our app to provide you a seamless shopping experience","UI / design changes; Bug fixes / performance improvements","Update adds quicker shortcut-based navigation while also fixing bugs and smoothing the shopping experience.","https://play.google.com/store/apps/details?hl=en&id=com.amazon.mShop.android.shopping | https://www.appbrain.com/app/amazon-shopping/com.amazon.mShop.android.shopping | https://www.apkmirror.com/apk/amazon-mobile-llc/amazon-shopping/","Google Play and AppBrain supplied current metadata; APKMirror supplied detailed public release-note text. Initial release month comes from AppBrain."
"Amazon Shopping","Android","Amazon Mobile LLC","Shopping","32.5.0.100","2026-03-03","No","2014-12","Access popular pages quickly with our new shortcuts. Tap and hold the Amazon app icon to access your Orders, Daily Deals, Shopping Cart, and Search. Enjoy our latest update where we have fixed some bugs and improved our app to provide you a seamless shopping experience","UI / design changes; Bug fixes / performance improvements","Update adds quicker shortcut-based navigation while also fixing bugs and smoothing the shopping experience.","https://www.apkmirror.com/apk/amazon-mobile-llc/amazon-shopping/amazon-shopping-32-5-0-100-release/","Version-specific Android history sourced from APKMirror; date is the APKMirror upload date and may not equal exact Google Play rollout timing."
"Amazon Shopping","Android","Amazon Mobile LLC","Shopping","32.1.2.100","2026-01-10","No","2014-12","Access popular pages quickly with our new shortcuts. Tap and hold the Amazon app icon to access your Orders, Daily Deals, Shopping Cart, and Search. Enjoy our latest update where we have fixed some bugs and improved our app to provide you a seamless shopping experience","UI / design changes; Bug fixes / performance improvements","Update adds quicker shortcut-based navigation while also fixing bugs and smoothing the shopping experience.","https://www.apkmirror.com/apk/amazon-mobile-llc/amazon-shopping/amazon-shopping-32-1-2-100-release/","Version-specific Android history sourced from APKMirror; date is the APKMirror upload date and may not equal exact Google Play rollout timing."
"Uber","iOS","Uber Technologies, Inc.","Travel","3.720.10000","Unavailable","Yes","Unavailable","We update the Uber app as often as possible to make it faster and more reliable for you. Here are a couple of the enhancements you'll find in the latest update: - Updates to improve localization across the app - Various bug fixes & improvements Love the app? Rate us! Your feedback keeps the Uber engine running. Have a question? Tap Help in the Uber app or visit help.uber.com.","Bug fixes / performance improvements; UI / design changes","Frequent maintenance update focused on localization changes plus bug-fix and reliability work.","https://apps.apple.com/us/app/uber-request-a-ride/id368677368","App Store version history used. Current entry shows a relative timestamp only, so exact date was left Unavailable."
"Uber","iOS","Uber Technologies, Inc.","Travel","3.719.1002","2026-04-27","No","Unavailable","We update the Uber app as often as possible to make it faster and more reliable for you. Here are a couple of the enhancements you'll find in the latest update: - Updates to improve localization across the app - Various bug fixes & improvements Love the app? Rate us! Your feedback keeps the Uber engine running. Have a question? Tap Help in the Uber app or visit help.uber.com.","Bug fixes / performance improvements; UI / design changes","Frequent maintenance update focused on localization changes plus bug-fix and reliability work.","https://apps.apple.com/us/app/uber-request-a-ride/id368677368","App Store month/day entry normalized to 2026 from page context."
"Uber","iOS","Uber Technologies, Inc.","Travel","3.718.10001","2026-04-20","No","Unavailable","We update the Uber app as often as possible to make it faster and more reliable for you. Here are a couple of the enhancements you'll find in the latest update: - Updates to improve localization across the app - Various bug fixes & improvements Love the app? Rate us! Your feedback keeps the Uber engine running. Have a question? Tap Help in the Uber app or visit help.uber.com.","Bug fixes / performance improvements; UI / design changes","Frequent maintenance update focused on localization changes plus bug-fix and reliability work.","https://apps.apple.com/us/app/uber-request-a-ride/id368677368","App Store month/day entry normalized to 2026 from page context."
"Uber","iOS","Uber Technologies, Inc.","Travel","3.717.10000","2026-04-13","No","Unavailable","We update the Uber app as often as possible to make it faster and more reliable for you. Here are a couple of the enhancements you'll find in the latest update: - Updates to improve localization across the app - Various bug fixes & improvements Love the app? Rate us! Your feedback keeps the Uber engine running. Have a question? Tap Help in the Uber app or visit help.uber.com.","Bug fixes / performance improvements; UI / design changes","Frequent maintenance update focused on localization changes plus bug-fix and reliability work.","https://apps.apple.com/us/app/uber-request-a-ride/id368677368","App Store month/day entry normalized to 2026 from page context."
"Uber","iOS","Uber Technologies, Inc.","Travel","3.716.10001","2026-04-06","No","Unavailable","We update the Uber app as often as possible to make it faster and more reliable for you. Here are a couple of the enhancements you'll find in the latest update: - Updates to improve localization across the app - Various bug fixes & improvements Love the app? Rate us! Your feedback keeps the Uber engine running. Have a question? Tap Help in the Uber app or visit help.uber.com.","Bug fixes / performance improvements; UI / design changes","Frequent maintenance update focused on localization changes plus bug-fix and reliability work.","https://apps.apple.com/us/app/uber-request-a-ride/id368677368","App Store month/day entry normalized to 2026 from page context."
"Uber","iOS","Uber Technologies, Inc.","Travel","3.715.10001","2026-03-30","No","Unavailable","We update the Uber app as often as possible to make it faster and more reliable for you. Here are a couple of the enhancements you'll find in the latest update: - Updates to improve localization across the app - Various bug fixes & improvements Love the app? Rate us! Your feedback keeps the Uber engine running. Have a question? Tap Help in the Uber app or visit help.uber.com.","Bug fixes / performance improvements; UI / design changes","Frequent maintenance update focused on localization changes plus bug-fix and reliability work.","https://apps.apple.com/us/app/uber-request-a-ride/id368677368","App Store month/day entry normalized to 2026 from page context."
"Uber","iOS","Uber Technologies, Inc.","Travel","3.714.10001","2026-03-23","No","Unavailable","We update the Uber app as often as possible to make it faster and more reliable for you. Here are a couple of the enhancements you'll find in the latest update: - Updates to improve localization across the app - Various bug fixes & improvements Love the app? Rate us! Your feedback keeps the Uber engine running. Have a question? Tap Help in the Uber app or visit help.uber.com.","Bug fixes / performance improvements; UI / design changes","Frequent maintenance update focused on localization changes plus bug-fix and reliability work.","https://apps.apple.com/us/app/uber-request-a-ride/id368677368","App Store month/day entry normalized to 2026 from page context."
"Uber","iOS","Uber Technologies, Inc.","Travel","3.713.10003","2026-03-16","No","Unavailable","We update the Uber app as often as possible to make it faster and more reliable for you. Here are a couple of the enhancements you'll find in the latest update: - Updates to improve localization across the app - Various bug fixes & improvements Love the app? Rate us! Your feedback keeps the Uber engine running. Have a question? Tap Help in the Uber app or visit help.uber.com.","Bug fixes / performance improvements; UI / design changes","Frequent maintenance update focused on localization changes plus bug-fix and reliability work.","https://apps.apple.com/us/app/uber-request-a-ride/id368677368","App Store month/day entry normalized to 2026 from page context."
"Uber","Android","Uber Technologies, Inc.","Maps & Navigation","4.628.10002","2026-04-25","Yes","2010-10","Unavailable","Other","Current Android metadata was available, but a full exact release note for the latest indexed version was not exposed in parsed public sources.","https://play.google.com/store/apps/details?hl=en&id=com.ubercab | https://www.appbrain.com/app/uber-request-a-ride/com.ubercab | https://www.apkmirror.com/apk/uber-technologies-inc/uber-request-a-ride/uber-request-a-ride-4-628-10002-release/","Google Play and AppBrain exposed current version/date and first availability month, but parsed public output did not expose the full current release note text."
"Uber","Android","Uber Technologies, Inc.","Maps & Navigation","4.621.10004","2026-03-07","No","2010-10","We update the Uber app as often as possible to help make it faster and more reliable for you. This version includes several bug fixes and performance improvements. Love the app? Rate us! Your feedback helps us to improve the Uber app. Have a question? Tap Help in the Uber app or visit help.uber.com.","Bug fixes / performance improvements","Maintenance update focused on bug fixes, reliability, and general performance improvements.","https://www.apkmirror.com/apk/uber-technologies-inc/uber-request-a-ride/uber-request-a-ride-4-621-10004-release/","Version-specific Android history sourced from APKMirror; date is the APKMirror upload date and may not equal exact Google Play rollout timing."
"Uber","Android","Uber Technologies, Inc.","Maps & Navigation","4.620.10002","2026-03-03","No","2010-10","We update the Uber app as often as possible to help make it faster and more reliable for you. This version includes several bug fixes and performance improvements. Love the app? Rate us! Your feedback helps us to improve the Uber app. Have a question? Tap Help in the Uber app or visit help.uber.com.","Bug fixes / performance improvements","Maintenance update focused on bug fixes, reliability, and general performance improvements.","https://www.apkmirror.com/apk/uber-technologies-inc/uber-request-a-ride/uber-request-a-ride-4-620-10002-release/","Version-specific Android history sourced from APKMirror; date is the APKMirror upload date and may not equal exact Google Play rollout timing."
"DoorDash","iOS","DoorDash, Inc.","Food & Drink","8.17.0","Unavailable","Yes","Unavailable","Minor updates and performance improvements","Bug fixes / performance improvements","High-frequency maintenance update focused on minor fixes and performance improvements.","https://apps.apple.com/us/app/doordash-food-grocery-more/id719972451","App Store version history used. Current entry shows a relative timestamp only, so exact date was left Unavailable."
"DoorDash","iOS","DoorDash, Inc.","Food & Drink","8.16.1","Unavailable","No","Unavailable","Minor updates and performance improvements","Bug fixes / performance improvements","High-frequency maintenance update focused on minor fixes and performance improvements.","https://apps.apple.com/us/app/doordash-food-grocery-more/id719972451","App Store version history used. This entry shows a relative timestamp only, so exact date was left Unavailable."
"DoorDash","iOS","DoorDash, Inc.","Food & Drink","8.16.0","2026-04-27","No","Unavailable","Minor updates and performance improvements","Bug fixes / performance improvements","High-frequency maintenance update focused on minor fixes and performance improvements.","https://apps.apple.com/us/app/doordash-food-grocery-more/id719972451","App Store month/day entry normalized to 2026 from page context."
"DoorDash","iOS","DoorDash, Inc.","Food & Drink","8.15.0","2026-04-20","No","Unavailable","Minor updates and performance improvements","Bug fixes / performance improvements","High-frequency maintenance update focused on minor fixes and performance improvements.","https://apps.apple.com/us/app/doordash-food-grocery-more/id719972451","App Store month/day entry normalized to 2026 from page context."
"DoorDash","iOS","DoorDash, Inc.","Food & Drink","8.14.1","2026-04-14","No","Unavailable","Minor updates and performance improvements","Bug fixes / performance improvements","High-frequency maintenance update focused on minor fixes and performance improvements.","https://apps.apple.com/us/app/doordash-food-grocery-more/id719972451","App Store month/day entry normalized to 2026 from page context."
"DoorDash","iOS","DoorDash, Inc.","Food & Drink","8.14.0","2026-04-13","No","Unavailable","Minor updates and performance improvements","Bug fixes / performance improvements","High-frequency maintenance update focused on minor fixes and performance improvements.","https://apps.apple.com/us/app/doordash-food-grocery-more/id719972451","App Store month/day entry normalized to 2026 from page context."
"DoorDash","iOS","DoorDash, Inc.","Food & Drink","8.13.1","2026-04-08","No","Unavailable","Minor updates and performance improvements","Bug fixes / performance improvements","High-frequency maintenance update focused on minor fixes and performance improvements.","https://apps.apple.com/us/app/doordash-food-grocery-more/id719972451","App Store month/day entry normalized to 2026 from page context."
"DoorDash","iOS","DoorDash, Inc.","Food & Drink","8.13.0","2026-04-06","No","Unavailable","Minor updates and performance improvements","Bug fixes / performance improvements","High-frequency maintenance update focused on minor fixes and performance improvements.","https://apps.apple.com/us/app/doordash-food-grocery-more/id719972451","App Store month/day entry normalized to 2026 from page context."
"DoorDash","Android","DoorDash","Food & Drink","15.273.1","2026-04-24","Yes","2015-03","Unavailable","Other","Current Android metadata was available, but a full exact release note for the latest indexed version was not exposed in parsed public sources.","https://play.google.com/store/apps/details?hl=en&id=com.dd.doordash | https://www.appbrain.com/app/doordash-food-grocery-more/com.dd.doordash | https://www.apkmirror.com/apk/doordash-inc/doordash-food-delivery-grocery-more/doordash-food-grocery-more-15-273-1-release/","Google Play and AppBrain exposed current version/date and first availability month. APKMirror indexed the version page, but parsed public output did not expose the full latest release note text."
"DoorDash","Android","DoorDash","Food & Drink","15.260.4","2026-01-23","No","2015-03","Our mission is to deliver good by connecting people and possibility. If we can play a small role in helping you spend more time with your friends and family or get ahead on your favorite projects, then we have delivered good. We’re launching a new set of initiatives to deliver good within our communities, and you’ll see a new visual identity that reflects our spirit. Thank you for making DoorDash a success — we wouldn’t be here without you.","UI / design changes; Other","Branding and community-mission update centered on visual identity changes rather than checkout or delivery mechanics.","https://www.apkmirror.com/apk/doordash-inc/doordash-food-delivery-grocery-more/doordash-food-grocery-more-15-260-4-release/","Version-specific Android history sourced from APKMirror; date is the APKMirror upload date and may not equal exact Google Play rollout timing."
"DoorDash","Android","DoorDash","Food & Drink","15.261.7","2026-02-12","No","2015-03","Unavailable","Other","Version history was observed publicly, but exact release-note text for this version was not fully exposed in parsed sources.","https://www.apkmirror.com/apk/doordash-inc/ | https://www.appbrain.com/app/doordash-food-grocery-more/com.dd.doordash","Version-specific date verified from APKMirror uploads/AppBrain context; exact release-note text was not fully exposed in parsed public output."
