app_name,platform,developer_company,app_category,version_number,version_release_date,is_current_version,initial_app_release_date,apk_format,file_size,detail_page_size,detail_page_downloads,detail_page_top_content_rating,detail_page_top_update_date,detail_page_security_ratio,detail_page_android_os,package_name,languages,requires_android,content_rating,architecture,app_permissions_count,additional_app_latest_version,uploaded_by,additional_app_category,security_report_label,security_check_completed,same_as_package_name,sha256,verified_by,security_scan_result,security_scan_date,update_description,update_description_raw,standardized_update_categories,standardized_summary,feature_specificity,feature_text_sufficient_for_research,detail_page_version,detail_page_update_date,version_history_source,version_history_source_url,detail_source_url,detail_url_source_method,detail_url_version_slug,detail_url_matches_displayed_version,source_note
Facebook,Android,"Meta Platforms, Inc.",Social,558.0.0.70.72,"Apr 29, 2026",True,September 2009,,146.0 MB,146.0 MB,1K+,,"Apr 29, 2026",,,com.facebook.katana,,"Android 11.0+ (R, API 30)",,arm64-v8a,,Trusted App,Nay Lin Thu Ya,,Facebook,,,,,Secure,,Download and install,Facebook is a social networking app that helps you connect and discover content from people and communities. Download and install,New product feature,"APKPure provides generic app or rollback text, but no clear version-specific reason for this update.",generic,False,558.0.0.70.72,"Apr 29, 2026",APKPure,https://apkpure.com/facebook-app/com.facebook.katana/versions,https://apkpure.com/facebook-app/com.facebook.katana/download/558.0.0.70.72,actual_href_from_versions_page,558.0.0.70.72,True,APKPure version/date/size; not official Google Play historical release data. Detail URL was read from APKPure page href.
Facebook,Android,"Meta Platforms, Inc.",Social,557.0.0.59.72,"Apr 22, 2026",False,September 2009,,145.0 MB,145.0 MB,2K+,,"Apr 22, 2026",,,com.facebook.katana,,"Android 11.0+ (R, API 30)",,arm64-v8a,,Trusted App,Farhan Alsaka,,Facebook,,,,,Secure,,Download and install,Facebook is a social networking app that helps you connect and discover content from people and communities. Download and install,New product feature,"APKPure provides generic app or rollback text, but no clear version-specific reason for this update.",generic,False,557.0.0.59.72,"Apr 22, 2026",APKPure,https://apkpure.com/facebook-app/com.facebook.katana/versions,https://apkpure.com/facebook-app/com.facebook.katana/download/557.0.0.59.72,actual_href_from_versions_page,557.0.0.59.72,True,APKPure version/date/size; not official Google Play historical release data. Detail URL was read from APKPure page href.
Facebook,Android,"Meta Platforms, Inc.",Social,556.1.0.63.64,"Apr 13, 2026",False,September 2009,,143.3 MB,143.3 MB,3K+,,"Apr 13, 2026",,,com.facebook.katana,,"Android 11.0+ (R, API 30)",,arm64-v8a,,Trusted App,Farhan Alsaka,,Facebook,,,,,Secure,,Download and install,Facebook is a social networking app that helps you connect and discover content from people and communities. Download and install,New product feature,"APKPure provides generic app or rollback text, but no clear version-specific reason for this update.",generic,False,556.1.0.63.64,"Apr 13, 2026",APKPure,https://apkpure.com/facebook-app/com.facebook.katana/versions,https://apkpure.com/facebook-app/com.facebook.katana/download/556.1.0.63.64,actual_href_from_versions_page,556.1.0.63.64,True,APKPure version/date/size; not official Google Play historical release data. Detail URL was read from APKPure page href.
Facebook,Android,"Meta Platforms, Inc.",Social,556.0.0.60.64,"Apr 10, 2026",False,September 2009,,144.9 MB,144.9 MB,1K+,,"Apr 10, 2026",,,com.facebook.katana,,"Android 11.0+ (R, API 30)",,arm64-v8a,,Trusted App,Farhan Alsaka,,Facebook,,,,,Secure,,Download and install,Facebook is a social networking app that helps you connect and discover content from people and communities. Download and install,New product feature,"APKPure provides generic app or rollback text, but no clear version-specific reason for this update.",generic,False,556.0.0.60.64,"Apr 10, 2026",APKPure,https://apkpure.com/facebook-app/com.facebook.katana/versions,https://apkpure.com/facebook-app/com.facebook.katana/download/556.0.0.60.64,actual_href_from_versions_page,556.0.0.60.64,True,APKPure version/date/size; not official Google Play historical release data. Detail URL was read from APKPure page href.
Facebook,Android,"Meta Platforms, Inc.",Social,555.0.0.49.59,"Apr 3, 2026",False,September 2009,,91.3 MB,91.3 MB,2K+,,"Apr 3, 2026",,,com.facebook.katana,,"Android 9.0+ (P, API 28)",,arm64-v8a,,Trusted App,Lam Huynh,,Facebook,,,,,Secure,,Download and install,Facebook is a social networking app that helps you connect and discover content from people and communities. Download and install,New product feature,"APKPure provides generic app or rollback text, but no clear version-specific reason for this update.",generic,False,555.0.0.49.59,"Apr 3, 2026",APKPure,https://apkpure.com/facebook-app/com.facebook.katana/versions,https://apkpure.com/facebook-app/com.facebook.katana/download/555.0.0.49.59,actual_href_from_versions_page,555.0.0.49.59,True,APKPure version/date/size; not official Google Play historical release data. Detail URL was read from APKPure page href.
Facebook,Android,"Meta Platforms, Inc.",Social,554.0.0.57.70,"Mar 28, 2026",False,September 2009,,146.5 MB,146.5 MB,2K+,,"Mar 28, 2026",,,com.facebook.katana,,"Android 11.0+ (R, API 30)",,arm64-v8a,,Trusted App,Marco Lopez,,Facebook,,,,,Secure,,Download and install,Facebook is a social networking app that helps you connect and discover content from people and communities. Download and install,New product feature,"APKPure provides generic app or rollback text, but no clear version-specific reason for this update.",generic,False,554.0.0.57.70,"Mar 28, 2026",APKPure,https://apkpure.com/facebook-app/com.facebook.katana/versions,https://apkpure.com/facebook-app/com.facebook.katana/download/554.0.0.57.70,actual_href_from_versions_page,554.0.0.57.70,True,APKPure version/date/size; not official Google Play historical release data. Detail URL was read from APKPure page href.
Facebook,Android,"Meta Platforms, Inc.",Social,553.0.0.56.58,"Mar 20, 2026",False,September 2009,,146.7 MB,146.7 MB,3K+,,"Mar 20, 2026",,,com.facebook.katana,,"Android 11.0+ (R, API 30)",,arm64-v8a,,Trusted App,Lam Huynh,,Facebook,,,,,Secure,,Download and install,Facebook is a social networking app that helps you connect and discover content from people and communities. Download and install,New product feature,"APKPure provides generic app or rollback text, but no clear version-specific reason for this update.",generic,False,553.0.0.56.58,"Mar 20, 2026",APKPure,https://apkpure.com/facebook-app/com.facebook.katana/versions,https://apkpure.com/facebook-app/com.facebook.katana/download/553.0.0.56.58,actual_href_from_versions_page,553.0.0.56.58,True,APKPure version/date/size; not official Google Play historical release data. Detail URL was read from APKPure page href.
Facebook,Android,"Meta Platforms, Inc.",Social,552.1.0.45.68,"Mar 14, 2026",False,September 2009,,146.8 MB,146.8 MB,3K+,,"Mar 14, 2026",,,com.facebook.katana,,"Android 11.0+ (R, API 30)",,arm64-v8a,,Trusted App,Nay Lin Thu Ya,,Facebook,,,,,Secure,,Download and install,Facebook is a social networking app that helps you connect and discover content from people and communities. Download and install,New product feature,"APKPure provides generic app or rollback text, but no clear version-specific reason for this update.",generic,False,552.1.0.45.68,"Mar 14, 2026",APKPure,https://apkpure.com/facebook-app/com.facebook.katana/versions,https://apkpure.com/facebook-app/com.facebook.katana/download/552.1.0.45.68,actual_href_from_versions_page,552.1.0.45.68,True,APKPure version/date/size; not official Google Play historical release data. Detail URL was read from APKPure page href.
Facebook,Android,"Meta Platforms, Inc.",Social,552.0.0.43.68,"Mar 12, 2026",False,September 2009,,90.6 MB,90.6 MB,1K+,,"Mar 12, 2026",,,com.facebook.katana,,"Android 9.0+ (P, API 28)",,arm64-v8a,,Trusted App,Farhan Alsaka,,Facebook,,,,,Secure,,Download and install,Facebook is a social networking app that helps you connect and discover content from people and communities. Download and install,New product feature,"APKPure provides generic app or rollback text, but no clear version-specific reason for this update.",generic,False,552.0.0.43.68,"Mar 12, 2026",APKPure,https://apkpure.com/facebook-app/com.facebook.katana/versions,https://apkpure.com/facebook-app/com.facebook.katana/download/552.0.0.43.68,actual_href_from_versions_page,552.0.0.43.68,True,APKPure version/date/size; not official Google Play historical release data. Detail URL was read from APKPure page href.
Facebook,Android,"Meta Platforms, Inc.",Social,551.1.0.58.63,"Mar 9, 2026",False,September 2009,,148.0 MB,148.0 MB,1K+,,"Mar 9, 2026",,,com.facebook.katana,,"Android 11.0+ (R, API 30)",,arm64-v8a,,Trusted App,Farhan Alsaka,,Facebook,,,,,Secure,,Download and install,Facebook is a social networking app that helps you connect and discover content from people and communities. Download and install,New product feature,"APKPure provides generic app or rollback text, but no clear version-specific reason for this update.",generic,False,551.1.0.58.63,"Mar 9, 2026",APKPure,https://apkpure.com/facebook-app/com.facebook.katana/versions,https://apkpure.com/facebook-app/com.facebook.katana/download/551.1.0.58.63,actual_href_from_versions_page,551.1.0.58.63,True,APKPure version/date/size; not official Google Play historical release data. Detail URL was read from APKPure page href.
Facebook,Android,"Meta Platforms, Inc.",Social,551.0.0.56.63,"Mar 6, 2026",False,September 2009,,146.0 MB,146.0 MB,1K+,,"Mar 6, 2026",,,com.facebook.katana,,"Android 11.0+ (R, API 30)",,arm64-v8a,,Trusted App,"Meta Platforms, Inc.",,Facebook,,,,,Secure,,Download and install,Facebook is a social networking app that helps you connect and discover content from people and communities. Download and install,New product feature,"APKPure provides generic app or rollback text, but no clear version-specific reason for this update.",generic,False,551.0.0.56.63,"Mar 6, 2026",APKPure,https://apkpure.com/facebook-app/com.facebook.katana/versions,https://apkpure.com/facebook-app/com.facebook.katana/download/551.0.0.56.63,actual_href_from_versions_page,551.0.0.56.63,True,APKPure version/date/size; not official Google Play historical release data. Detail URL was read from APKPure page href.
Facebook,Android,"Meta Platforms, Inc.",Social,549.0.0.61.62,"Mar 5, 2026",False,September 2009,,145.4 MB,145.4 MB,1K+,,"Mar 5, 2026",,,com.facebook.katana,,"Android 11.0+ (R, API 30)",,arm64-v8a,,Trusted App,Farhan Alsaka,,Facebook,,,,,Secure,,Download and install,Facebook is a social networking app that helps you connect and discover content from people and communities. Download and install,New product feature,"APKPure provides generic app or rollback text, but no clear version-specific reason for this update.",generic,False,549.0.0.61.62,"Mar 5, 2026",APKPure,https://apkpure.com/facebook-app/com.facebook.katana/versions,https://apkpure.com/facebook-app/com.facebook.katana/download/549.0.0.61.62,actual_href_from_versions_page,549.0.0.61.62,True,APKPure version/date/size; not official Google Play historical release data. Detail URL was read from APKPure page href.
Facebook,Android,"Meta Platforms, Inc.",Social,548.1.0.51.64,"Feb 23, 2026",False,September 2009,,71.6 MB,71.6 MB,2K+,,"Feb 23, 2026",,,com.facebook.katana,,"Android 9.0+ (P, API 28)",,arm64-v8a,,Trusted App,Lam Huynh,,Facebook,,,,,Secure,,Download and install,Facebook is a social networking app that helps you connect and discover content from people and communities. Download and install,New product feature,"APKPure provides generic app or rollback text, but no clear version-specific reason for this update.",generic,False,548.1.0.51.64,"Feb 23, 2026",APKPure,https://apkpure.com/facebook-app/com.facebook.katana/versions,https://apkpure.com/facebook-app/com.facebook.katana/download/548.1.0.51.64,actual_href_from_versions_page,548.1.0.51.64,True,APKPure version/date/size; not official Google Play historical release data. Detail URL was read from APKPure page href.
Facebook,Android,"Meta Platforms, Inc.",Social,546.0.0.42.66,"Feb 5, 2026",False,September 2009,,88.3 MB,88.3 MB,5K+,,"Feb 5, 2026",,,com.facebook.katana,,"Android 9.0+ (P, API 28)",,arm64-v8a,,Trusted App,Lam Huynh,,Facebook,,,,,Secure,,Download and install,Facebook is a social networking app that helps you connect and discover content from people and communities. Download and install,New product feature,"APKPure provides generic app or rollback text, but no clear version-specific reason for this update.",generic,False,546.0.0.42.66,"Feb 5, 2026",APKPure,https://apkpure.com/facebook-app/com.facebook.katana/versions,https://apkpure.com/facebook-app/com.facebook.katana/download/546.0.0.42.66,actual_href_from_versions_page,546.0.0.42.66,True,APKPure version/date/size; not official Google Play historical release data. Detail URL was read from APKPure page href.
Facebook,Android,"Meta Platforms, Inc.",Social,547.0.0.41.68,"Feb 5, 2026",False,September 2009,,85.1 MB,85.1 MB,1K+,,"Feb 5, 2026",,,com.facebook.katana,,"Android 9.0+ (P, API 28)",,arm64-v8a,,Trusted App,Nay Lin Thu Ya,,Facebook,Yes,,,APKPURE,Secure,,Download and install,Facebook is a social networking app that helps you connect and discover content from people and communities. Download and install,New product feature,"APKPure provides generic app or rollback text, but no clear version-specific reason for this update.",generic,False,547.0.0.41.68,"Feb 5, 2026",APKPure,https://apkpure.com/facebook-app/com.facebook.katana/versions,https://apkpure.com/facebook-app/com.facebook.katana/download/547.0.0.41.68,actual_href_from_versions_page,547.0.0.41.68,True,APKPure version/date/size; not official Google Play historical release data. Detail URL was read from APKPure page href.
Facebook,Android,"Meta Platforms, Inc.",Social,545.0.0.43.63,"Jan 27, 2026",False,September 2009,,143.8 MB,143.8 MB,3K+,,"Jan 27, 2026",,,com.facebook.katana,,"Android 11.0+ (R, API 30)",,arm64-v8a,,Trusted App,Nay Lin Thu Ya,,Facebook,Yes,,,APKPURE,Secure,,Download and install,Facebook is a social networking app that helps you connect and discover content from people and communities. Download and install,New product feature,"APKPure provides generic app or rollback text, but no clear version-specific reason for this update.",generic,False,545.0.0.43.63,"Jan 27, 2026",APKPure,https://apkpure.com/facebook-app/com.facebook.katana/versions,https://apkpure.com/facebook-app/com.facebook.katana/download/545.0.0.43.63,actual_href_from_versions_page,545.0.0.43.63,True,APKPure version/date/size; not official Google Play historical release data. Detail URL was read from APKPure page href.
Facebook,Android,"Meta Platforms, Inc.",Social,544.0.0.42.272,"Jan 20, 2026",False,September 2009,,146.5 MB,146.5 MB,1K+,,"Jan 20, 2026",,,com.facebook.katana,,"Android 11.0+ (R, API 30)",,arm64-v8a,,Trusted App,Lam Huynh,,Facebook,,,,,Secure,,Download and install,Facebook is a social networking app that helps you connect and discover content from people and communities. Download and install,New product feature,"APKPure provides generic app or rollback text, but no clear version-specific reason for this update.",generic,False,544.0.0.42.272,"Jan 20, 2026",APKPure,https://apkpure.com/facebook-app/com.facebook.katana/versions,https://apkpure.com/facebook-app/com.facebook.katana/download/544.0.0.42.272,actual_href_from_versions_page,544.0.0.42.272,True,APKPure version/date/size; not official Google Play historical release data. Detail URL was read from APKPure page href.
Facebook,Android,"Meta Platforms, Inc.",Social,543.0.0.55.73,"Jan 20, 2026",False,September 2009,,88.2 MB,88.2 MB,1K+,,"Jan 20, 2026",,,com.facebook.katana,,"Android 9.0+ (P, API 28)",,arm64-v8a,,Trusted App,Marco Lopez,,Facebook,Yes,,,APKPURE,Secure,,Download and install,Facebook is a social networking app that helps you connect and discover content from people and communities. Download and install,New product feature,"APKPure provides generic app or rollback text, but no clear version-specific reason for this update.",generic,False,543.0.0.55.73,"Jan 20, 2026",APKPure,https://apkpure.com/facebook-app/com.facebook.katana/versions,https://apkpure.com/facebook-app/com.facebook.katana/download/543.0.0.55.73,actual_href_from_versions_page,543.0.0.55.73,True,APKPure version/date/size; not official Google Play historical release data. Detail URL was read from APKPure page href.
Facebook,Android,"Meta Platforms, Inc.",Social,542.0.0.46.151,"Dec 23, 2025",False,September 2009,,87.9 MB,87.9 MB,1K+,,"Dec 23, 2025",,,com.facebook.katana,,"Android 9.0+ (P, API 28)",,arm64-v8a,,Trusted App,Farhan Alsaka,,Facebook,Yes,,,APKPURE,Secure,,Download and install,Facebook is a social networking app that helps you connect and discover content from people and communities. Download and install,New product feature,"APKPure provides generic app or rollback text, but no clear version-specific reason for this update.",generic,False,542.0.0.46.151,"Dec 23, 2025",APKPure,https://apkpure.com/facebook-app/com.facebook.katana/versions,https://apkpure.com/facebook-app/com.facebook.katana/download/542.0.0.46.151,actual_href_from_versions_page,542.0.0.46.151,True,APKPure version/date/size; not official Google Play historical release data. Detail URL was read from APKPure page href.
Facebook,Android,"Meta Platforms, Inc.",Social,542.0.0.47.151,"Dec 12, 2025",False,September 2009,,146.7 MB,146.7 MB,5K+,,"Dec 12, 2025",,,com.facebook.katana,,"Android 11.0+ (R, API 30)",,armeabi-v7a,,Trusted App,"Meta Platforms, Inc.",,Facebook,,,,,Secure,,Download and install,Facebook is a social networking app that helps you connect and discover content from people and communities. Download and install,New product feature,"APKPure provides generic app or rollback text, but no clear version-specific reason for this update.",generic,False,542.0.0.47.151,"Dec 12, 2025",APKPure,https://apkpure.com/facebook-app/com.facebook.katana/versions,https://apkpure.com/facebook-app/com.facebook.katana/download/542.0.0.47.151,actual_href_from_versions_page,542.0.0.47.151,True,APKPure version/date/size; not official Google Play historical release data. Detail URL was read from APKPure page href.
Facebook,Android,"Meta Platforms, Inc.",Social,541.0.0.85.79,"Dec 12, 2025",False,September 2009,,72.6 MB,72.6 MB,1K+,,"Dec 12, 2025",,,com.facebook.katana,,"Android 8.0+ (Oreo, API 26)",,armeabi-v7a,,Trusted App,Marco Lopez,,Facebook,Yes,,,APKPURE,Secure,,Download and install,Facebook is a social networking app that helps you connect and discover content from people and communities. Download and install,New product feature,"APKPure provides generic app or rollback text, but no clear version-specific reason for this update.",generic,False,541.0.0.85.79,"Dec 12, 2025",APKPure,https://apkpure.com/facebook-app/com.facebook.katana/versions,https://apkpure.com/facebook-app/com.facebook.katana/download/541.0.0.85.79,actual_href_from_versions_page,541.0.0.85.79,True,APKPure version/date/size; not official Google Play historical release data. Detail URL was read from APKPure page href.
Facebook,Android,"Meta Platforms, Inc.",Social,540.0.0.49.148,"Dec 3, 2025",False,September 2009,,86.7 MB,86.7 MB,1K+,,"Dec 3, 2025",,,com.facebook.katana,,"Android 9.0+ (P, API 28)",,arm64-v8a,,Trusted App,Marco Lopez,,Facebook,Yes,,,APKPURE,Secure,,Download and install,Facebook is a social networking app that helps you connect and discover content from people and communities. Download and install,New product feature,"APKPure provides generic app or rollback text, but no clear version-specific reason for this update.",generic,False,540.0.0.49.148,"Dec 3, 2025",APKPure,https://apkpure.com/facebook-app/com.facebook.katana/versions,https://apkpure.com/facebook-app/com.facebook.katana/download/540.0.0.49.148,actual_href_from_versions_page,540.0.0.49.148,True,APKPure version/date/size; not official Google Play historical release data. Detail URL was read from APKPure page href.
Facebook,Android,"Meta Platforms, Inc.",Social,539.0.0.54.69,"Nov 19, 2025",False,September 2009,,69.6 MB,69.6 MB,10K+,,"Nov 19, 2025",,,com.facebook.katana,,"Android 9.0+ (P, API 28)",,arm64-v8a,,Trusted App,Marco Lopez,,Facebook,,,,,Secure,,Download and install,Facebook is a social networking app that helps you connect and discover content from people and communities. Download and install,New product feature,"APKPure provides generic app or rollback text, but no clear version-specific reason for this update.",generic,False,539.0.0.54.69,"Nov 19, 2025",APKPure,https://apkpure.com/facebook-app/com.facebook.katana/versions,https://apkpure.com/facebook-app/com.facebook.katana/download/539.0.0.54.69,actual_href_from_versions_page,539.0.0.54.69,True,APKPure version/date/size; not official Google Play historical release data. Detail URL was read from APKPure page href.
Facebook,Android,"Meta Platforms, Inc.",Social,538.0.0.53.70,"Nov 17, 2025",False,September 2009,,143.0 MB,143.0 MB,1K+,,"Nov 17, 2025",,,com.facebook.katana,,"Android 11.0+ (R, API 30)",,armeabi-v7a,,Trusted App,Lam Huynh,,Facebook,Yes,,,APKPURE,Secure,,Download and install,Facebook is a social networking app that helps you connect and discover content from people and communities. Download and install,New product feature,"APKPure provides generic app or rollback text, but no clear version-specific reason for this update.",generic,False,538.0.0.53.70,"Nov 17, 2025",APKPure,https://apkpure.com/facebook-app/com.facebook.katana/versions,https://apkpure.com/facebook-app/com.facebook.katana/download/538.0.0.53.70,actual_href_from_versions_page,538.0.0.53.70,True,APKPure version/date/size; not official Google Play historical release data. Detail URL was read from APKPure page href.
Facebook,Android,"Meta Platforms, Inc.",Social,537.0.0.47.77,"Nov 9, 2025",False,September 2009,,144.7 MB,144.7 MB,1K+,,"Nov 9, 2025",,,com.facebook.katana,,"Android 11.0+ (R, API 30)",,arm64-v8a,,Trusted App,Nay Lin Thu Ya,,Facebook,Yes,,,APKPURE,Secure,,Download and install,Facebook is a social networking app that helps you connect and discover content from people and communities. Download and install,New product feature,"APKPure provides generic app or rollback text, but no clear version-specific reason for this update.",generic,False,537.0.0.47.77,"Nov 9, 2025",APKPure,https://apkpure.com/facebook-app/com.facebook.katana/versions,https://apkpure.com/facebook-app/com.facebook.katana/download/537.0.0.47.77,actual_href_from_versions_page,537.0.0.47.77,True,APKPure version/date/size; not official Google Play historical release data. Detail URL was read from APKPure page href.
Facebook,Android,"Meta Platforms, Inc.",Social,536.1.0.58.77,"Oct 31, 2025",False,September 2009,,143.6 MB,143.6 MB,10K+,,"Oct 31, 2025",,,com.facebook.katana,,"Android 11.0+ (R, API 30)",,arm64-v8a,,Trusted App,Lam Huynh,,Facebook,,,,,Secure,,Download and install,Facebook is a social networking app that helps you connect and discover content from people and communities. Download and install,New product feature,"APKPure provides generic app or rollback text, but no clear version-specific reason for this update.",generic,False,536.1.0.58.77,"Oct 31, 2025",APKPure,https://apkpure.com/facebook-app/com.facebook.katana/versions,https://apkpure.com/facebook-app/com.facebook.katana/download/536.1.0.58.77,actual_href_from_versions_page,536.1.0.58.77,True,APKPure version/date/size; not official Google Play historical release data. Detail URL was read from APKPure page href.
Facebook,Android,"Meta Platforms, Inc.",Social,535.0.0.49.72,"Oct 27, 2025",False,September 2009,,70.6 MB,70.6 MB,1K+,,"Oct 27, 2025",,,com.facebook.katana,,"Android 8.0+ (Oreo, API 26)",,armeabi-v7a,,Trusted App,Lam Huynh,,Facebook,Yes,,,APKPURE,Secure,,Download and install,Facebook is a social networking app that helps you connect and discover content from people and communities. Download and install,New product feature,"APKPure provides generic app or rollback text, but no clear version-specific reason for this update.",generic,False,535.0.0.49.72,"Oct 27, 2025",APKPure,https://apkpure.com/facebook-app/com.facebook.katana/versions,https://apkpure.com/facebook-app/com.facebook.katana/download/535.0.0.49.72,actual_href_from_versions_page,535.0.0.49.72,True,APKPure version/date/size; not official Google Play historical release data. Detail URL was read from APKPure page href.
Facebook,Android,"Meta Platforms, Inc.",Social,536.0.0.46.77,"Oct 25, 2025",False,September 2009,,143.6 MB,143.6 MB,5K+,,"Oct 25, 2025",,,com.facebook.katana,,"Android 11.0+ (R, API 30)",,arm64-v8a,,Trusted App,Lam Huynh,,Facebook,,,,,Secure,,Download and install,Facebook is a social networking app that helps you connect and discover content from people and communities. Download and install,New product feature,"APKPure provides generic app or rollback text, but no clear version-specific reason for this update.",generic,False,536.0.0.46.77,"Oct 25, 2025",APKPure,https://apkpure.com/facebook-app/com.facebook.katana/versions,https://apkpure.com/facebook-app/com.facebook.katana/download/536.0.0.46.77,actual_href_from_versions_page,536.0.0.46.77,True,APKPure version/date/size; not official Google Play historical release data. Detail URL was read from APKPure page href.
Facebook,Android,"Meta Platforms, Inc.",Social,534.0.0.56.76,"Oct 10, 2025",False,September 2009,,146.4 MB,146.4 MB,2K+,,"Oct 10, 2025",,,com.facebook.katana,,"Android 11.0+ (R, API 30)",,arm64-v8a,,Trusted App,Farhan Alsaka,,Facebook,Yes,,,APKPURE,Secure,,Download and install,Facebook is a social networking app that helps you connect and discover content from people and communities. Download and install,New product feature,"APKPure provides generic app or rollback text, but no clear version-specific reason for this update.",generic,False,534.0.0.56.76,"Oct 10, 2025",APKPure,https://apkpure.com/facebook-app/com.facebook.katana/versions,https://apkpure.com/facebook-app/com.facebook.katana/download/534.0.0.56.76,actual_href_from_versions_page,534.0.0.56.76,True,APKPure version/date/size; not official Google Play historical release data. Detail URL was read from APKPure page href.
Facebook,Android,"Meta Platforms, Inc.",Social,533.0.0.49.79,"Oct 10, 2025",False,September 2009,,66.4 MB,66.4 MB,1K+,,"Oct 10, 2025",,,com.facebook.katana,,"Android 9.0+ (P, API 28)",,arm64-v8a,,Trusted App,Farhan Alsaka,,Facebook,Yes,,,APKPURE,Secure,,Download and install,Facebook is a social networking app that helps you connect and discover content from people and communities. Download and install,New product feature,"APKPure provides generic app or rollback text, but no clear version-specific reason for this update.",generic,False,533.0.0.49.79,"Oct 10, 2025",APKPure,https://apkpure.com/facebook-app/com.facebook.katana/versions,https://apkpure.com/facebook-app/com.facebook.katana/download/533.0.0.49.79,actual_href_from_versions_page,533.0.0.49.79,True,APKPure version/date/size; not official Google Play historical release data. Detail URL was read from APKPure page href.
Facebook,Android,"Meta Platforms, Inc.",Social,532.0.0.55.71,"Sep 29, 2025",False,September 2009,,146.7 MB,146.7 MB,1K+,,"Sep 29, 2025",,,com.facebook.katana,,"Android 11.0+ (R, API 30)",,armeabi-v7a,,Trusted App,Marco Lopez,,Facebook,,,,,Secure,,Download and install,Facebook is a social networking app that helps you connect and discover content from people and communities. Download and install,New product feature,"APKPure provides generic app or rollback text, but no clear version-specific reason for this update.",generic,False,532.0.0.55.71,"Sep 29, 2025",APKPure,https://apkpure.com/facebook-app/com.facebook.katana/versions,https://apkpure.com/facebook-app/com.facebook.katana/download/532.0.0.55.71,actual_href_from_versions_page,532.0.0.55.71,True,APKPure version/date/size; not official Google Play historical release data. Detail URL was read from APKPure page href.
Facebook,Android,"Meta Platforms, Inc.",Social,531.0.0.47.70,"Sep 28, 2025",False,September 2009,,64.8 MB,64.8 MB,1K+,,"Sep 28, 2025",,,com.facebook.katana,,"Android 9.0+ (P, API 28)",,arm64-v8a,,Trusted App,Nay Lin Thu Ya,,Facebook,Yes,,,APKPURE,Secure,,Download and install,Facebook is a social networking app that helps you connect and discover content from people and communities. Download and install,New product feature,"APKPure provides generic app or rollback text, but no clear version-specific reason for this update.",generic,False,531.0.0.47.70,"Sep 28, 2025",APKPure,https://apkpure.com/facebook-app/com.facebook.katana/versions,https://apkpure.com/facebook-app/com.facebook.katana/download/531.0.0.47.70,actual_href_from_versions_page,531.0.0.47.70,True,APKPure version/date/size; not official Google Play historical release data. Detail URL was read from APKPure page href.
Facebook,Android,"Meta Platforms, Inc.",Social,530.0.0.48.74,"Sep 19, 2025",False,September 2009,,144.7 MB,144.7 MB,1K+,,"Sep 19, 2025",,,com.facebook.katana,,"Android 11.0+ (R, API 30)",,armeabi-v7a,,Trusted App,Lam Huynh,,Facebook,Yes,,,APKPURE,Secure,,Download and install,Facebook is a social networking app that helps you connect and discover content from people and communities. Download and install,New product feature,"APKPure provides generic app or rollback text, but no clear version-specific reason for this update.",generic,False,530.0.0.48.74,"Sep 19, 2025",APKPure,https://apkpure.com/facebook-app/com.facebook.katana/versions,https://apkpure.com/facebook-app/com.facebook.katana/download/530.0.0.48.74,actual_href_from_versions_page,530.0.0.48.74,True,APKPure version/date/size; not official Google Play historical release data. Detail URL was read from APKPure page href.
Facebook,Android,"Meta Platforms, Inc.",Social,529.0.0.44.73,"Sep 13, 2025",False,September 2009,,75.9 MB,75.9 MB,1K+,,"Sep 13, 2025",,,com.facebook.katana,,"Android 9.0+ (P, API 28)",,arm64-v8a,,Trusted App,Lam Huynh,,Facebook,Yes,,,APKPURE,Secure,,Download and install,Facebook is a social networking app that helps you connect and discover content from people and communities. Download and install,New product feature,"APKPure provides generic app or rollback text, but no clear version-specific reason for this update.",generic,False,529.0.0.44.73,"Sep 13, 2025",APKPure,https://apkpure.com/facebook-app/com.facebook.katana/versions,https://apkpure.com/facebook-app/com.facebook.katana/download/529.0.0.44.73,actual_href_from_versions_page,529.0.0.44.73,True,APKPure version/date/size; not official Google Play historical release data. Detail URL was read from APKPure page href.
Facebook,Android,"Meta Platforms, Inc.",Social,528.0.0.62.74,"Aug 30, 2025",False,September 2009,,146.1 MB,146.1 MB,2K+,,"Aug 30, 2025",,,com.facebook.katana,,"Android 11.0+ (R, API 30)",,arm64-v8a,,Trusted App,Lam Huynh,,Facebook,Yes,,,APKPURE,Secure,,Download and install,Facebook is a social networking app that helps you connect and discover content from people and communities. Download and install,New product feature,"APKPure provides generic app or rollback text, but no clear version-specific reason for this update.",generic,False,528.0.0.62.74,"Aug 30, 2025",APKPure,https://apkpure.com/facebook-app/com.facebook.katana/versions,https://apkpure.com/facebook-app/com.facebook.katana/download/528.0.0.62.74,actual_href_from_versions_page,528.0.0.62.74,True,APKPure version/date/size; not official Google Play historical release data. Detail URL was read from APKPure page href.
Facebook,Android,"Meta Platforms, Inc.",Social,527.0.0.59.76,"Aug 27, 2025",False,September 2009,,145.7 MB,145.7 MB,1K+,,"Aug 27, 2025",,,com.facebook.katana,,"Android 11.0+ (R, API 30)",,arm64-v8a,,Trusted App,Farhan Alsaka,,Facebook,,,,,Secure,,Download and install,Facebook is a social networking app that helps you connect and discover content from people and communities. Download and install,New product feature,"APKPure provides generic app or rollback text, but no clear version-specific reason for this update.",generic,False,527.0.0.59.76,"Aug 27, 2025",APKPure,https://apkpure.com/facebook-app/com.facebook.katana/versions,https://apkpure.com/facebook-app/com.facebook.katana/download/527.0.0.59.76,actual_href_from_versions_page,527.0.0.59.76,True,APKPure version/date/size; not official Google Play historical release data. Detail URL was read from APKPure page href.
Facebook,Android,"Meta Platforms, Inc.",Social,526.1.0.66.75,"Aug 17, 2025",False,September 2009,,146.6 MB,146.6 MB,6K+,,"Aug 17, 2025",,,com.facebook.katana,,"Android 11.0+ (R, API 30)",,arm64-v8a,,Trusted App,Farhan Alsaka,,Facebook,,,,,Secure,,Download and install,Facebook is a social networking app that helps you connect and discover content from people and communities. Download and install,New product feature,"APKPure provides generic app or rollback text, but no clear version-specific reason for this update.",generic,False,526.1.0.66.75,"Aug 17, 2025",APKPure,https://apkpure.com/facebook-app/com.facebook.katana/versions,https://apkpure.com/facebook-app/com.facebook.katana/download/526.1.0.66.75,actual_href_from_versions_page,526.1.0.66.75,True,APKPure version/date/size; not official Google Play historical release data. Detail URL was read from APKPure page href.
Facebook,Android,"Meta Platforms, Inc.",Social,525.0.0.53.51,"Aug 17, 2025",False,September 2009,,75.0 MB,75.0 MB,1K+,,"Aug 17, 2025",,,com.facebook.katana,,"Android 9.0+ (P, API 28)",,arm64-v8a,,Trusted App,Marco Lopez,,Facebook,Yes,,,APKPURE,Secure,,Download and install,Facebook is a social networking app that helps you connect and discover content from people and communities. Download and install,New product feature,"APKPure provides generic app or rollback text, but no clear version-specific reason for this update.",generic,False,525.0.0.53.51,"Aug 17, 2025",APKPure,https://apkpure.com/facebook-app/com.facebook.katana/versions,https://apkpure.com/facebook-app/com.facebook.katana/download/525.0.0.53.51,actual_href_from_versions_page,525.0.0.53.51,True,APKPure version/date/size; not official Google Play historical release data. Detail URL was read from APKPure page href.
Facebook,Android,"Meta Platforms, Inc.",Social,524.0.0.52.44,"Aug 8, 2025",False,September 2009,,64.3 MB,64.3 MB,1K+,,"Aug 8, 2025",,,com.facebook.katana,,"Android 9.0+ (P, API 28)",,arm64-v8a,,Trusted App,Farhan Alsaka,,Facebook,Yes,,,APKPURE,Secure,,Download and install,Facebook is a social networking app that helps you connect and discover content from people and communities. Download and install,New product feature,"APKPure provides generic app or rollback text, but no clear version-specific reason for this update.",generic,False,524.0.0.52.44,"Aug 8, 2025",APKPure,https://apkpure.com/facebook-app/com.facebook.katana/versions,https://apkpure.com/facebook-app/com.facebook.katana/download/524.0.0.52.44,actual_href_from_versions_page,524.0.0.52.44,True,APKPure version/date/size; not official Google Play historical release data. Detail URL was read from APKPure page href.
Facebook,Android,"Meta Platforms, Inc.",Social,523.0.0.39.61,"Aug 2, 2025",False,September 2009,,64.2 MB,64.2 MB,1K+,,"Aug 2, 2025",,,com.facebook.katana,,"Android 9.0+ (P, API 28)",,arm64-v8a,,Trusted App,Nay Lin Thu Ya,,Facebook,Yes,,,APKPURE,Secure,,Download and install,Facebook is a social networking app that helps you connect and discover content from people and communities. Download and install,New product feature,"APKPure provides generic app or rollback text, but no clear version-specific reason for this update.",generic,False,523.0.0.39.61,"Aug 2, 2025",APKPure,https://apkpure.com/facebook-app/com.facebook.katana/versions,https://apkpure.com/facebook-app/com.facebook.katana/download/523.0.0.39.61,actual_href_from_versions_page,523.0.0.39.61,True,APKPure version/date/size; not official Google Play historical release data. Detail URL was read from APKPure page href.
Facebook,Android,"Meta Platforms, Inc.",Social,522.0.0.52.96,"Jul 24, 2025",False,September 2009,,142.1 MB,142.1 MB,1K+,,"Jul 24, 2025",,,com.facebook.katana,,"Android 11.0+ (R, API 30)",,armeabi-v7a,,Trusted App,Lam Huynh,,Facebook,Yes,,,APKPURE,Secure,,Download and install,Facebook is a social networking app that helps you connect and discover content from people and communities. Download and install,New product feature,"APKPure provides generic app or rollback text, but no clear version-specific reason for this update.",generic,False,522.0.0.52.96,"Jul 24, 2025",APKPure,https://apkpure.com/facebook-app/com.facebook.katana/versions,https://apkpure.com/facebook-app/com.facebook.katana/download/522.0.0.52.96,actual_href_from_versions_page,522.0.0.52.96,True,APKPure version/date/size; not official Google Play historical release data. Detail URL was read from APKPure page href.
Facebook,Android,"Meta Platforms, Inc.",Social,521.0.0.42.97,"Jul 16, 2025",False,September 2009,,143.8 MB,143.8 MB,1K+,,"Jul 16, 2025",,,com.facebook.katana,,"Android 11.0+ (R, API 30)",,arm64-v8a,,Trusted App,Nay Lin Thu Ya,,Facebook,,,,,Secure,,Download and install,Facebook is a social networking app that helps you connect and discover content from people and communities. Download and install,New product feature,"APKPure provides generic app or rollback text, but no clear version-specific reason for this update.",generic,False,521.0.0.42.97,"Jul 16, 2025",APKPure,https://apkpure.com/facebook-app/com.facebook.katana/versions,https://apkpure.com/facebook-app/com.facebook.katana/download/521.0.0.42.97,actual_href_from_versions_page,521.0.0.42.97,True,APKPure version/date/size; not official Google Play historical release data. Detail URL was read from APKPure page href.
Facebook,Android,"Meta Platforms, Inc.",Social,520.0.0.44.99,"Jul 13, 2025",False,September 2009,,63.1 MB,63.1 MB,1K+,,"Jul 13, 2025",,,com.facebook.katana,,"Android 9.0+ (P, API 28)",,arm64-v8a,,Trusted App,Farhan Alsaka,,Facebook,Yes,,,APKPURE,Secure,,Download and install,Facebook is a social networking app that helps you connect and discover content from people and communities. Download and install,New product feature,"APKPure provides generic app or rollback text, but no clear version-specific reason for this update.",generic,False,520.0.0.44.99,"Jul 13, 2025",APKPure,https://apkpure.com/facebook-app/com.facebook.katana/versions,https://apkpure.com/facebook-app/com.facebook.katana/download/520.0.0.44.99,actual_href_from_versions_page,520.0.0.44.99,True,APKPure version/date/size; not official Google Play historical release data. Detail URL was read from APKPure page href.
Facebook,Android,"Meta Platforms, Inc.",Social,519.0.0.44.92,"Jul 4, 2025",False,September 2009,,143.8 MB,143.8 MB,1K+,,"Jul 4, 2025",,,com.facebook.katana,,"Android 11.0+ (R, API 30)",,arm64-v8a,,Trusted App,Nay Lin Thu Ya,,Facebook,Yes,,,APKPURE,Secure,,Download and install,Facebook is a social networking app that helps you connect and discover content from people and communities. Download and install,New product feature,"APKPure provides generic app or rollback text, but no clear version-specific reason for this update.",generic,False,519.0.0.44.92,"Jul 4, 2025",APKPure,https://apkpure.com/facebook-app/com.facebook.katana/versions,https://apkpure.com/facebook-app/com.facebook.katana/download/519.0.0.44.92,actual_href_from_versions_page,519.0.0.44.92,True,APKPure version/date/size; not official Google Play historical release data. Detail URL was read from APKPure page href.
Facebook,Android,"Meta Platforms, Inc.",Social,518.0.0.63.86,"Jun 28, 2025",False,September 2009,,143.7 MB,143.7 MB,1K+,,"Jun 28, 2025",,,com.facebook.katana,,"Android 11.0+ (R, API 30)",,arm64-v8a,,Trusted App,Lam Huynh,,Facebook,Yes,,,APKPURE,Secure,,Download and install,Facebook is a social networking app that helps you connect and discover content from people and communities. Download and install,New product feature,"APKPure provides generic app or rollback text, but no clear version-specific reason for this update.",generic,False,518.0.0.63.86,"Jun 28, 2025",APKPure,https://apkpure.com/facebook-app/com.facebook.katana/versions,https://apkpure.com/facebook-app/com.facebook.katana/download/518.0.0.63.86,actual_href_from_versions_page,518.0.0.63.86,True,APKPure version/date/size; not official Google Play historical release data. Detail URL was read from APKPure page href.
Facebook,Android,"Meta Platforms, Inc.",Social,518.0.0.66.86,"Jun 27, 2025",False,September 2009,,143.7 MB,143.7 MB,1K+,,"Jun 27, 2025",,,com.facebook.katana,,"Android 11.0+ (R, API 30)",,arm64-v8a,,Trusted App,Nay Lin Thu Ya,,Facebook,,,,,Secure,,Download and install,Facebook is a social networking app that helps you connect and discover content from people and communities. Download and install,New product feature,"APKPure provides generic app or rollback text, but no clear version-specific reason for this update.",generic,False,518.0.0.66.86,"Jun 27, 2025",APKPure,https://apkpure.com/facebook-app/com.facebook.katana/versions,https://apkpure.com/facebook-app/com.facebook.katana/download/518.0.0.66.86,actual_href_from_versions_page,518.0.0.66.86,True,APKPure version/date/size; not official Google Play historical release data. Detail URL was read from APKPure page href.
Facebook,Android,"Meta Platforms, Inc.",Social,517.0.0.70.92,"Jun 21, 2025",False,September 2009,,72.0 MB,72.0 MB,1K+,,"Jun 21, 2025",,,com.facebook.katana,,"Android 9.0+ (P, API 28)",,arm64-v8a,,Trusted App,Marco Lopez,,Facebook,Yes,,,APKPURE,Secure,,Download and install,Facebook is a social networking app that helps you connect and discover content from people and communities. Download and install,New product feature,"APKPure provides generic app or rollback text, but no clear version-specific reason for this update.",generic,False,517.0.0.70.92,"Jun 21, 2025",APKPure,https://apkpure.com/facebook-app/com.facebook.katana/versions,https://apkpure.com/facebook-app/com.facebook.katana/download/517.0.0.70.92,actual_href_from_versions_page,517.0.0.70.92,True,APKPure version/date/size; not official Google Play historical release data. Detail URL was read from APKPure page href.
Facebook,Android,"Meta Platforms, Inc.",Social,516.0.0.73.90,"Jun 14, 2025",False,September 2009,,75.3 MB,75.3 MB,1K+,,"Jun 14, 2025",,,com.facebook.katana,,"Android 8.0+ (Oreo, API 26)",,armeabi-v7a,,Trusted App,Lam Huynh,,Facebook,Yes,,,APKPURE,Secure,,Download and install,Facebook is a social networking app that helps you connect and discover content from people and communities. Download and install,New product feature,"APKPure provides generic app or rollback text, but no clear version-specific reason for this update.",generic,False,516.0.0.73.90,"Jun 14, 2025",APKPure,https://apkpure.com/facebook-app/com.facebook.katana/versions,https://apkpure.com/facebook-app/com.facebook.katana/download/516.0.0.73.90,actual_href_from_versions_page,516.0.0.73.90,True,APKPure version/date/size; not official Google Play historical release data. Detail URL was read from APKPure page href.
Facebook,Android,"Meta Platforms, Inc.",Social,515.1.0.62.90,"Jun 3, 2025",False,September 2009,,144.5 MB,144.5 MB,2K+,,"Jun 3, 2025",,,com.facebook.katana,,"Android 11.0+ (R, API 30)",,arm64-v8a,,Trusted App,Farhan Alsaka,,Facebook,,,,,Secure,,Download and install,Facebook is a social networking app that helps you connect and discover content from people and communities. Download and install,New product feature,"APKPure provides generic app or rollback text, but no clear version-specific reason for this update.",generic,False,515.1.0.62.90,"Jun 3, 2025",APKPure,https://apkpure.com/facebook-app/com.facebook.katana/versions,https://apkpure.com/facebook-app/com.facebook.katana/download/515.1.0.62.90,actual_href_from_versions_page,515.1.0.62.90,True,APKPure version/date/size; not official Google Play historical release data. Detail URL was read from APKPure page href.
Facebook,Android,"Meta Platforms, Inc.",Social,514.0.0.65.72,"May 31, 2025",False,September 2009,,63.5 MB,63.5 MB,1K+,,"May 31, 2025",,,com.facebook.katana,,"Android 9.0+ (P, API 28)",,arm64-v8a,,Trusted App,Marco Lopez,,Facebook,Yes,,,APKPURE,Secure,,Download and install,Facebook is a social networking app that helps you connect and discover content from people and communities. Download and install,New product feature,"APKPure provides generic app or rollback text, but no clear version-specific reason for this update.",generic,False,514.0.0.65.72,"May 31, 2025",APKPure,https://apkpure.com/facebook-app/com.facebook.katana/versions,https://apkpure.com/facebook-app/com.facebook.katana/download/514.0.0.65.72,actual_href_from_versions_page,514.0.0.65.72,True,APKPure version/date/size; not official Google Play historical release data. Detail URL was read from APKPure page href.
Facebook,Android,"Meta Platforms, Inc.",Social,513.1.0.66.92,"May 25, 2025",False,September 2009,,62.4 MB,62.4 MB,1K+,,"May 25, 2025",,,com.facebook.katana,,"Android 9.0+ (P, API 28)",,arm64-v8a,,Trusted App,Marco Lopez,,Facebook,Yes,,,APKPURE,Secure,,Download and install,Facebook is a social networking app that helps you connect and discover content from people and communities. Download and install,New product feature,"APKPure provides generic app or rollback text, but no clear version-specific reason for this update.",generic,False,513.1.0.66.92,"May 25, 2025",APKPure,https://apkpure.com/facebook-app/com.facebook.katana/versions,https://apkpure.com/facebook-app/com.facebook.katana/download/513.1.0.66.92,actual_href_from_versions_page,513.1.0.66.92,True,APKPure version/date/size; not official Google Play historical release data. Detail URL was read from APKPure page href.
Facebook,Android,"Meta Platforms, Inc.",Social,512.0.0.64.75,"May 16, 2025",False,September 2009,,63.7 MB,63.7 MB,1K+,,"May 16, 2025",,,com.facebook.katana,,"Android 9.0+ (P, API 28)",,arm64-v8a,,Trusted App,Lam Huynh,,Facebook,Yes,,,APKPURE,Secure,,Download and install,Facebook is a social networking app that helps you connect and discover content from people and communities. Download and install,New product feature,"APKPure provides generic app or rollback text, but no clear version-specific reason for this update.",generic,False,512.0.0.64.75,"May 16, 2025",APKPure,https://apkpure.com/facebook-app/com.facebook.katana/versions,https://apkpure.com/facebook-app/com.facebook.katana/download/512.0.0.64.75,actual_href_from_versions_page,512.0.0.64.75,True,APKPure version/date/size; not official Google Play historical release data. Detail URL was read from APKPure page href.
Facebook,Android,"Meta Platforms, Inc.",Social,511.0.0.73.36,"May 9, 2025",False,September 2009,,66.9 MB,66.9 MB,1K+,,"May 9, 2025",,,com.facebook.katana,,"Android 8.0+ (Oreo, API 26)",,armeabi-v7a,,Trusted App,Lam Huynh,,Facebook,Yes,,,APKPURE,Secure,,Download and install,Facebook is a social networking app that helps you connect and discover content from people and communities. Download and install,New product feature,"APKPure provides generic app or rollback text, but no clear version-specific reason for this update.",generic,False,511.0.0.73.36,"May 9, 2025",APKPure,https://apkpure.com/facebook-app/com.facebook.katana/versions,https://apkpure.com/facebook-app/com.facebook.katana/download/511.0.0.73.36,actual_href_from_versions_page,511.0.0.73.36,True,APKPure version/date/size; not official Google Play historical release data. Detail URL was read from APKPure page href.
Facebook,Android,"Meta Platforms, Inc.",Social,510.0.0.72.41,"May 4, 2025",False,September 2009,,63.2 MB,63.2 MB,1K+,,"May 4, 2025",,,com.facebook.katana,,"Android 9.0+ (P, API 28)",,arm64-v8a,,Trusted App,Farhan Alsaka,,Facebook,Yes,,,APKPURE,Secure,,Download and install,Facebook is a social networking app that helps you connect and discover content from people and communities. Download and install,New product feature,"APKPure provides generic app or rollback text, but no clear version-specific reason for this update.",generic,False,510.0.0.72.41,"May 4, 2025",APKPure,https://apkpure.com/facebook-app/com.facebook.katana/versions,https://apkpure.com/facebook-app/com.facebook.katana/download/510.0.0.72.41,actual_href_from_versions_page,510.0.0.72.41,True,APKPure version/date/size; not official Google Play historical release data. Detail URL was read from APKPure page href.
Facebook,Android,"Meta Platforms, Inc.",Social,509.0.0.67.28,"Apr 28, 2025",False,September 2009,,63.1 MB,63.1 MB,1K+,,"Apr 28, 2025",,,com.facebook.katana,,"Android 9.0+ (P, API 28)",,arm64-v8a,,Trusted App,Marco Lopez,,Facebook,Yes,,,APKPURE,Secure,,Download and install,Facebook is a social networking app that helps you connect and discover content from people and communities. Download and install,New product feature,"APKPure provides generic app or rollback text, but no clear version-specific reason for this update.",generic,False,509.0.0.67.28,"Apr 28, 2025",APKPure,https://apkpure.com/facebook-app/com.facebook.katana/versions,https://apkpure.com/facebook-app/com.facebook.katana/download/509.0.0.67.28,actual_href_from_versions_page,509.0.0.67.28,True,APKPure version/date/size; not official Google Play historical release data. Detail URL was read from APKPure page href.
Facebook,Android,"Meta Platforms, Inc.",Social,508.0.0.74.47,"Apr 22, 2025",False,September 2009,,62.9 MB,62.9 MB,1K+,,"Apr 22, 2025",,,com.facebook.katana,,"Android 9.0+ (P, API 28)",,arm64-v8a,,Trusted App,Farhan Alsaka,,Facebook,Yes,,,APKPURE,Secure,,Download and install,Facebook is a social networking app that helps you connect and discover content from people and communities. Download and install,New product feature,"APKPure provides generic app or rollback text, but no clear version-specific reason for this update.",generic,False,508.0.0.74.47,"Apr 22, 2025",APKPure,https://apkpure.com/facebook-app/com.facebook.katana/versions,https://apkpure.com/facebook-app/com.facebook.katana/download/508.0.0.74.47,actual_href_from_versions_page,508.0.0.74.47,True,APKPure version/date/size; not official Google Play historical release data. Detail URL was read from APKPure page href.
Facebook,Android,"Meta Platforms, Inc.",Social,507.0.0.66.49,"Apr 12, 2025",False,September 2009,,65.8 MB,65.8 MB,1K+,,"Apr 12, 2025",,,com.facebook.katana,,"Android 8.0+ (Oreo, API 26)",,armeabi-v7a,,Trusted App,Marco Lopez,,Facebook,Yes,,,APKPURE,Secure,,Download and install,Facebook is a social networking app that helps you connect and discover content from people and communities. Download and install,New product feature,"APKPure provides generic app or rollback text, but no clear version-specific reason for this update.",generic,False,507.0.0.66.49,"Apr 12, 2025",APKPure,https://apkpure.com/facebook-app/com.facebook.katana/versions,https://apkpure.com/facebook-app/com.facebook.katana/download/507.0.0.66.49,actual_href_from_versions_page,507.0.0.66.49,True,APKPure version/date/size; not official Google Play historical release data. Detail URL was read from APKPure page href.
Facebook,Android,"Meta Platforms, Inc.",Social,506.1.0.74.27,"Apr 3, 2025",False,September 2009,,65.3 MB,65.3 MB,1K+,,"Apr 3, 2025",,,com.facebook.katana,,"Android 8.0+ (Oreo, API 26)",,armeabi-v7a,,Trusted App,Farhan Alsaka,,Facebook,Yes,,,APKPURE,Secure,,Download and install,Facebook is a social networking app that helps you connect and discover content from people and communities. Download and install,New product feature,"APKPure provides generic app or rollback text, but no clear version-specific reason for this update.",generic,False,506.1.0.74.27,"Apr 3, 2025",APKPure,https://apkpure.com/facebook-app/com.facebook.katana/versions,https://apkpure.com/facebook-app/com.facebook.katana/download/506.1.0.74.27,actual_href_from_versions_page,506.1.0.74.27,True,APKPure version/date/size; not official Google Play historical release data. Detail URL was read from APKPure page href.
Facebook,Android,"Meta Platforms, Inc.",Social,505.0.0.57.45,"Mar 28, 2025",False,September 2009,,61.8 MB,61.8 MB,1K+,,"Mar 28, 2025",,,com.facebook.katana,,"Android 9.0+ (P, API 28)",,arm64-v8a,,Trusted App,Marco Lopez,,Facebook,Yes,,,APKPURE,Secure,,Download and install,Facebook is a social networking app that helps you connect and discover content from people and communities. Download and install,New product feature,"APKPure provides generic app or rollback text, but no clear version-specific reason for this update.",generic,False,505.0.0.57.45,"Mar 28, 2025",APKPure,https://apkpure.com/facebook-app/com.facebook.katana/versions,https://apkpure.com/facebook-app/com.facebook.katana/download/505.0.0.57.45,actual_href_from_versions_page,505.0.0.57.45,True,APKPure version/date/size; not official Google Play historical release data. Detail URL was read from APKPure page href.
Facebook,Android,"Meta Platforms, Inc.",Social,504.0.0.69.64,"Mar 21, 2025",False,September 2009,,61.5 MB,61.5 MB,1K+,,"Mar 21, 2025",,,com.facebook.katana,,"Android 9.0+ (P, API 28)",,arm64-v8a,,Trusted App,Lam Huynh,,Facebook,Yes,,,APKPURE,Secure,,Download and install,Facebook is a social networking app that helps you connect and discover content from people and communities. Download and install,New product feature,"APKPure provides generic app or rollback text, but no clear version-specific reason for this update.",generic,False,504.0.0.69.64,"Mar 21, 2025",APKPure,https://apkpure.com/facebook-app/com.facebook.katana/versions,https://apkpure.com/facebook-app/com.facebook.katana/download/504.0.0.69.64,actual_href_from_versions_page,504.0.0.69.64,True,APKPure version/date/size; not official Google Play historical release data. Detail URL was read from APKPure page href.
Facebook,Android,"Meta Platforms, Inc.",Social,503.0.0.69.76,"Mar 15, 2025",False,September 2009,,61.5 MB,61.5 MB,1K+,,"Mar 15, 2025",,,com.facebook.katana,,"Android 9.0+ (P, API 28)",,arm64-v8a,,Trusted App,Lam Huynh,,Facebook,Yes,,,APKPURE,Secure,,Download and install,Facebook is a social networking app that helps you connect and discover content from people and communities. Download and install,New product feature,"APKPure provides generic app or rollback text, but no clear version-specific reason for this update.",generic,False,503.0.0.69.76,"Mar 15, 2025",APKPure,https://apkpure.com/facebook-app/com.facebook.katana/versions,https://apkpure.com/facebook-app/com.facebook.katana/download/503.0.0.69.76,actual_href_from_versions_page,503.0.0.69.76,True,APKPure version/date/size; not official Google Play historical release data. Detail URL was read from APKPure page href.
Facebook,Android,"Meta Platforms, Inc.",Social,504.0.0.0.58,"Mar 11, 2025",False,September 2009,,142.2 MB,142.2 MB,8K+,,"Mar 11, 2025",,,com.facebook.katana,,"Android 11.0+ (R, API 30)",,arm64-v8a,,Trusted App,"Meta Platforms, Inc.",,Facebook,Yes,,,APKPURE,Secure,,Download and install,Facebook is a social networking app that helps you connect and discover content from people and communities. Download and install,New product feature,"APKPure provides generic app or rollback text, but no clear version-specific reason for this update.",generic,False,504.0.0.0.58,"Mar 11, 2025",APKPure,https://apkpure.com/facebook-app/com.facebook.katana/versions,https://apkpure.com/facebook-app/com.facebook.katana/download/504.0.0.0.58,actual_href_from_versions_page,504.0.0.0.58,True,APKPure version/date/size; not official Google Play historical release data. Detail URL was read from APKPure page href.
Facebook,Android,"Meta Platforms, Inc.",Social,502.0.0.66.79,"Mar 6, 2025",False,September 2009,,140.7 MB,140.7 MB,1K+,,"Mar 6, 2025",,,com.facebook.katana,,"Android 11.0+ (R, API 30)",,arm64-v8a,,Trusted App,Lam Huynh,,Facebook,Yes,,,APKPURE,Secure,,Download and install,Facebook is a social networking app that helps you connect and discover content from people and communities. Download and install,New product feature,"APKPure provides generic app or rollback text, but no clear version-specific reason for this update.",generic,False,502.0.0.66.79,"Mar 6, 2025",APKPure,https://apkpure.com/facebook-app/com.facebook.katana/versions,https://apkpure.com/facebook-app/com.facebook.katana/download/502.0.0.66.79,actual_href_from_versions_page,502.0.0.66.79,True,APKPure version/date/size; not official Google Play historical release data. Detail URL was read from APKPure page href.
Facebook,Android,"Meta Platforms, Inc.",Social,501.0.0.61.70,"Feb 27, 2025",False,September 2009,,139.7 MB,139.7 MB,1K+,,"Feb 27, 2025",,,com.facebook.katana,,"Android 11.0+ (R, API 30)",,arm64-v8a,,Trusted App,Nay Lin Thu Ya,,Facebook,Yes,,,APKPURE,Secure,,Download and install,Facebook is a social networking app that helps you connect and discover content from people and communities. Download and install,New product feature,"APKPure provides generic app or rollback text, but no clear version-specific reason for this update.",generic,False,501.0.0.61.70,"Feb 27, 2025",APKPure,https://apkpure.com/facebook-app/com.facebook.katana/versions,https://apkpure.com/facebook-app/com.facebook.katana/download/501.0.0.61.70,actual_href_from_versions_page,501.0.0.61.70,True,APKPure version/date/size; not official Google Play historical release data. Detail URL was read from APKPure page href.
Facebook,Android,"Meta Platforms, Inc.",Social,500.0.0.57.50,"Feb 21, 2025",False,September 2009,,59.9 MB,59.9 MB,2K+,,"Feb 21, 2025",,,com.facebook.katana,,"Android 9.0+ (P, API 28)",,arm64-v8a,,Trusted App,Marco Lopez,,Facebook,Yes,,,APKPURE,Secure,,Download and install,Facebook is a social networking app that helps you connect and discover content from people and communities. Download and install,New product feature,"APKPure provides generic app or rollback text, but no clear version-specific reason for this update.",generic,False,500.0.0.57.50,"Feb 21, 2025",APKPure,https://apkpure.com/facebook-app/com.facebook.katana/versions,https://apkpure.com/facebook-app/com.facebook.katana/download/500.0.0.57.50,actual_href_from_versions_page,500.0.0.57.50,True,APKPure version/date/size; not official Google Play historical release data. Detail URL was read from APKPure page href.
Facebook,Android,"Meta Platforms, Inc.",Social,499.0.0.31.60,"Feb 14, 2025",False,September 2009,,63.1 MB,63.1 MB,2K+,,"Feb 14, 2025",,,com.facebook.katana,,"Android 8.0+ (Oreo, API 26)",,armeabi-v7a,,Trusted App,Marco Lopez,,Facebook,Yes,,,APKPURE,Secure,,Download and install,Facebook is a social networking app that helps you connect and discover content from people and communities. Download and install,New product feature,"APKPure provides generic app or rollback text, but no clear version-specific reason for this update.",generic,False,499.0.0.31.60,"Feb 14, 2025",APKPure,https://apkpure.com/facebook-app/com.facebook.katana/versions,https://apkpure.com/facebook-app/com.facebook.katana/download/499.0.0.31.60,actual_href_from_versions_page,499.0.0.31.60,True,APKPure version/date/size; not official Google Play historical release data. Detail URL was read from APKPure page href.
Facebook,Android,"Meta Platforms, Inc.",Social,498.1.0.64.74,"Feb 6, 2025",False,September 2009,,141.6 MB,141.6 MB,1K+,,"Feb 6, 2025",,,com.facebook.katana,,"Android 11.0+ (R, API 30)",,armeabi-v7a,,Trusted App,Lam Huynh,,Facebook,Yes,,,APKPURE,Secure,,Download and install,Facebook is a social networking app that helps you connect and discover content from people and communities. Download and install,New product feature,"APKPure provides generic app or rollback text, but no clear version-specific reason for this update.",generic,False,498.1.0.64.74,"Feb 6, 2025",APKPure,https://apkpure.com/facebook-app/com.facebook.katana/versions,https://apkpure.com/facebook-app/com.facebook.katana/download/498.1.0.64.74,actual_href_from_versions_page,498.1.0.64.74,True,APKPure version/date/size; not official Google Play historical release data. Detail URL was read from APKPure page href.
Facebook,Android,"Meta Platforms, Inc.",Social,497.0.0.47.36,"Feb 3, 2025",False,September 2009,,60.2 MB,60.2 MB,1K+,,"Feb 3, 2025",,,com.facebook.katana,,"Android 9.0+ (P, API 28)",,arm64-v8a,,Trusted App,Nay Lin Thu Ya,,Facebook,Yes,,,APKPURE,Secure,,Download and install,Facebook is a social networking app that helps you connect and discover content from people and communities. Download and install,New product feature,"APKPure provides generic app or rollback text, but no clear version-specific reason for this update.",generic,False,497.0.0.47.36,"Feb 3, 2025",APKPure,https://apkpure.com/facebook-app/com.facebook.katana/versions,https://apkpure.com/facebook-app/com.facebook.katana/download/497.0.0.47.36,actual_href_from_versions_page,497.0.0.47.36,True,APKPure version/date/size; not official Google Play historical release data. Detail URL was read from APKPure page href.
Facebook,Android,"Meta Platforms, Inc.",Social,498.0.0.54.74,"Jan 30, 2025",False,September 2009,,140.0 MB,140.0 MB,10K+,,"Jan 30, 2025",,,com.facebook.katana,,"Android 11.0+ (R, API 30)",,arm64-v8a,,Trusted App,Marco Lopez,,Facebook,Yes,,,APKPURE,Secure,,Download and install,Facebook is a social networking app that helps you connect and discover content from people and communities. Download and install,New product feature,"APKPure provides generic app or rollback text, but no clear version-specific reason for this update.",generic,False,498.0.0.54.74,"Jan 30, 2025",APKPure,https://apkpure.com/facebook-app/com.facebook.katana/versions,https://apkpure.com/facebook-app/com.facebook.katana/download/498.0.0.54.74,actual_href_from_versions_page,498.0.0.54.74,True,APKPure version/date/size; not official Google Play historical release data. Detail URL was read from APKPure page href.
Facebook,Android,"Meta Platforms, Inc.",Social,496.0.0.45.65,"Jan 23, 2025",False,September 2009,,69.3 MB,69.3 MB,2K+,,"Jan 23, 2025",,,com.facebook.katana,,"Android 9.0+ (P, API 28)",,arm64-v8a,,Trusted App,Marco Lopez,,Facebook,Yes,,,APKPURE,Secure,,Download and install,Facebook is a social networking app that helps you connect and discover content from people and communities. Download and install,New product feature,"APKPure provides generic app or rollback text, but no clear version-specific reason for this update.",generic,False,496.0.0.45.65,"Jan 23, 2025",APKPure,https://apkpure.com/facebook-app/com.facebook.katana/versions,https://apkpure.com/facebook-app/com.facebook.katana/download/496.0.0.45.65,actual_href_from_versions_page,496.0.0.45.65,True,APKPure version/date/size; not official Google Play historical release data. Detail URL was read from APKPure page href.
Facebook,Android,"Meta Platforms, Inc.",Social,495.0.0.45.201,"Jan 16, 2025",False,September 2009,,60.2 MB,60.2 MB,2K+,,"Jan 16, 2025",,,com.facebook.katana,,"Android 9.0+ (P, API 28)",,arm64-v8a,,Trusted App,Farhan Alsaka,,Facebook,Yes,,,APKPURE,Secure,,Download and install,Facebook is a social networking app that helps you connect and discover content from people and communities. Download and install,New product feature,"APKPure provides generic app or rollback text, but no clear version-specific reason for this update.",generic,False,495.0.0.45.201,"Jan 16, 2025",APKPure,https://apkpure.com/facebook-app/com.facebook.katana/versions,https://apkpure.com/facebook-app/com.facebook.katana/download/495.0.0.45.201,actual_href_from_versions_page,495.0.0.45.201,True,APKPure version/date/size; not official Google Play historical release data. Detail URL was read from APKPure page href.
Facebook,Android,"Meta Platforms, Inc.",Social,494.1.0.56.73,"Jan 9, 2025",False,September 2009,,59.5 MB,59.5 MB,3K+,,"Jan 9, 2025",,,com.facebook.katana,,"Android 9.0+ (P, API 28)",,arm64-v8a,,Trusted App,Nay Lin Thu Ya,,Facebook,Yes,,,APKPURE,Secure,,Download and install,Facebook is a social networking app that helps you connect and discover content from people and communities. Download and install,New product feature,"APKPure provides generic app or rollback text, but no clear version-specific reason for this update.",generic,False,494.1.0.56.73,"Jan 9, 2025",APKPure,https://apkpure.com/facebook-app/com.facebook.katana/versions,https://apkpure.com/facebook-app/com.facebook.katana/download/494.1.0.56.73,actual_href_from_versions_page,494.1.0.56.73,True,APKPure version/date/size; not official Google Play historical release data. Detail URL was read from APKPure page href.
Facebook,Android,"Meta Platforms, Inc.",Social,495.0.0.0.130,"Dec 26, 2024",False,September 2009,,141.7 MB,141.7 MB,50K+,,"Dec 26, 2024",,,com.facebook.katana,,"Android 11.0+ (R, API 30)",,arm64-v8a,,Trusted App,"Meta Platforms, Inc.",,Facebook,,,,,Secure,,Download and install,Facebook is a social networking app that helps you connect and discover content from people and communities. Download and install,New product feature,"APKPure provides generic app or rollback text, but no clear version-specific reason for this update.",generic,False,495.0.0.0.130,"Dec 26, 2024",APKPure,https://apkpure.com/facebook-app/com.facebook.katana/versions,https://apkpure.com/facebook-app/com.facebook.katana/download/495.0.0.0.130,actual_href_from_versions_page,495.0.0.0.130,True,APKPure version/date/size; not official Google Play historical release data. Detail URL was read from APKPure page href.
Facebook,Android,"Meta Platforms, Inc.",Social,494.0.0.55.73,"Dec 19, 2024",False,September 2009,,141.4 MB,141.4 MB,20K+,,"Dec 19, 2024",,,com.facebook.katana,,"Android 11.0+ (R, API 30)",,arm64-v8a,,Trusted App,Farhan Alsaka,,Facebook,Yes,,,APKPURE,Secure,,Download and install,Facebook is a social networking app that helps you connect and discover content from people and communities. Download and install,New product feature,"APKPure provides generic app or rollback text, but no clear version-specific reason for this update.",generic,False,494.0.0.55.73,"Dec 19, 2024",APKPure,https://apkpure.com/facebook-app/com.facebook.katana/versions,https://apkpure.com/facebook-app/com.facebook.katana/download/494.0.0.55.73,actual_href_from_versions_page,494.0.0.55.73,True,APKPure version/date/size; not official Google Play historical release data. Detail URL was read from APKPure page href.
Facebook,Android,"Meta Platforms, Inc.",Social,493.0.0.72.158,"Dec 20, 2024",False,September 2009,,60.0 MB,60.0 MB,5K+,,"Dec 20, 2024",,,com.facebook.katana,,"Android 9.0+ (P, API 28)",,arm64-v8a,,Trusted App,Lam Huynh,,Facebook,Yes,,,APKPURE,Secure,,Download and install,Facebook is a social networking app that helps you connect and discover content from people and communities. Download and install,New product feature,"APKPure provides generic app or rollback text, but no clear version-specific reason for this update.",generic,False,493.0.0.72.158,"Dec 20, 2024",APKPure,https://apkpure.com/facebook-app/com.facebook.katana/versions,https://apkpure.com/facebook-app/com.facebook.katana/download/493.0.0.72.158,actual_href_from_versions_page,493.0.0.72.158,True,APKPure version/date/size; not official Google Play historical release data. Detail URL was read from APKPure page href.
Facebook,Android,"Meta Platforms, Inc.",Social,492.0.0.127.80,"Dec 13, 2024",False,September 2009,,139.7 MB,139.7 MB,2K+,,"Dec 13, 2024",,,com.facebook.katana,,"Android 11.0+ (R, API 30)",,arm64-v8a,,Trusted App,Marco Lopez,,Facebook,Yes,,,APKPURE,Secure,,Download and install,Facebook is a social networking app that helps you connect and discover content from people and communities. Download and install,New product feature,"APKPure provides generic app or rollback text, but no clear version-specific reason for this update.",generic,False,492.0.0.127.80,"Dec 13, 2024",APKPure,https://apkpure.com/facebook-app/com.facebook.katana/versions,https://apkpure.com/facebook-app/com.facebook.katana/download/492.0.0.127.80,actual_href_from_versions_page,492.0.0.127.80,True,APKPure version/date/size; not official Google Play historical release data. Detail URL was read from APKPure page href.
Facebook,Android,"Meta Platforms, Inc.",Social,491.0.0.58.78,"Dec 10, 2024",False,September 2009,,61.4 MB,61.4 MB,2K+,,"Dec 10, 2024",,,com.facebook.katana,,"Android 9.0+ (P, API 28)",,arm64-v8a,,Trusted App,Nay Lin Thu Ya,,Facebook,Yes,,,APKPURE,Secure,,Download and install,Facebook is a social networking app that helps you connect and discover content from people and communities. Download and install,New product feature,"APKPure provides generic app or rollback text, but no clear version-specific reason for this update.",generic,False,491.0.0.58.78,"Dec 10, 2024",APKPure,https://apkpure.com/facebook-app/com.facebook.katana/versions,https://apkpure.com/facebook-app/com.facebook.katana/download/491.0.0.58.78,actual_href_from_versions_page,491.0.0.58.78,True,APKPure version/date/size; not official Google Play historical release data. Detail URL was read from APKPure page href.
Facebook,Android,"Meta Platforms, Inc.",Social,492.0.0.0.58,"Nov 20, 2024",False,September 2009,,136.4 MB,136.4 MB,90K+,,"Nov 20, 2024",,,com.facebook.katana,,"Android 11.0+ (R, API 30)",,arm64-v8a,,Trusted App,"Meta Platforms, Inc.",,Facebook,Yes,,,APKPURE,Secure,,Download and install,Facebook is a social networking app that helps you connect and discover content from people and communities. Download and install,New product feature,"APKPure provides generic app or rollback text, but no clear version-specific reason for this update.",generic,False,492.0.0.0.58,"Nov 20, 2024",APKPure,https://apkpure.com/facebook-app/com.facebook.katana/versions,https://apkpure.com/facebook-app/com.facebook.katana/download/492.0.0.0.58,actual_href_from_versions_page,492.0.0.0.58,True,APKPure version/date/size; not official Google Play historical release data. Detail URL was read from APKPure page href.
Facebook,Android,"Meta Platforms, Inc.",Social,490.0.0.63.82,"Nov 26, 2024",False,September 2009,,61.0 MB,61.0 MB,9K+,,"Nov 26, 2024",,,com.facebook.katana,,"Android 9.0+ (P, API 28)",,arm64-v8a,,Trusted App,Lam Huynh,,Facebook,Yes,,,APKPURE,Secure,,Download and install,Facebook is a social networking app that helps you connect and discover content from people and communities. Download and install,New product feature,"APKPure provides generic app or rollback text, but no clear version-specific reason for this update.",generic,False,490.0.0.63.82,"Nov 26, 2024",APKPure,https://apkpure.com/facebook-app/com.facebook.katana/versions,https://apkpure.com/facebook-app/com.facebook.katana/download/490.0.0.63.82,actual_href_from_versions_page,490.0.0.63.82,True,APKPure version/date/size; not official Google Play historical release data. Detail URL was read from APKPure page href.
Facebook,Android,"Meta Platforms, Inc.",Social,436.0.0.35.101,"Nov 19, 2025",False,September 2009,,56.4 MB,56.4 MB,1K+,,"Nov 19, 2025",,,com.facebook.katana,,"Android 6.0+ (M, API 23)",,armeabi-v7a,,Trusted App,Farhan Alsaka,,Facebook,Yes,,,APKPURE,Secure,,Download and install,Facebook is a social networking app that helps you connect and discover content from people and communities. Download and install,New product feature,"APKPure provides generic app or rollback text, but no clear version-specific reason for this update.",generic,False,436.0.0.35.101,"Nov 19, 2025",APKPure,https://apkpure.com/facebook-app/com.facebook.katana/versions,https://apkpure.com/facebook-app/com.facebook.katana/download/436.0.0.35.101,actual_href_from_versions_page,436.0.0.35.101,True,APKPure version/date/size; not official Google Play historical release data. Detail URL was read from APKPure page href.
Facebook,Android,"Meta Platforms, Inc.",Social,559.1.0.52.72,"May 5, 2026",False,September 2009,,95.5 MB,24.5 MB,800M+,,"Apr 14, 2026",,,com.apkpure.aegon,,"Android 4.4+ (Kitkat, API 19)",,"arm64-v8a,armeabi-v7a",,,APKPure,,,,,,,,,,,Other,No version-specific update reason was provided by APKPure.,not_provided,False,3.20.66,"Apr 14, 2026",APKPure,https://apkpure.com/facebook-app/com.facebook.katana/versions,https://apkpure.com/apkpure/com.apkpure.aegon/download/3.20.66?utm_content=1012&icn=aegon&ici=version&from=version,actual_href_from_versions_page,3.20.66,False,APKPure version/date/size; not official Google Play historical release data. Detail URL was read from APKPure page href. Warning: displayed version 559.1.0.52.72 differs from detail URL slug 3.20.66. Detail page version 3.20.66 does not match displayed version 559.1.0.52.72.
