app_name,platform,developer_company,app_category,version_number,version_release_date,is_current_version,initial_app_release_date,apk_format,file_size,detail_page_size,detail_page_downloads,detail_page_top_content_rating,detail_page_top_update_date,detail_page_security_ratio,detail_page_android_os,package_name,languages,requires_android,content_rating,architecture,app_permissions_count,additional_app_latest_version,uploaded_by,additional_app_category,security_report_label,security_scan_result,security_scan_date,update_description,update_description_raw,standardized_update_categories,standardized_summary,feature_specificity,feature_text_sufficient_for_research,detail_page_version,detail_page_update_date,version_history_source,version_history_source_url,detail_source_url,detail_url_source_method,detail_url_version_slug,detail_url_matches_displayed_version,source_note
Netflix,Android,"Netflix, Inc.",Entertainment,9.63.1 build 5 64213,"Apr 23, 2026",True,Unknown / not available from APKPure,APK,216.1 MB,216.1 MB,1K+,,"Apr 23, 2026",,,com.netflix.mediaclient,,"Android 9.0+ (P, API 28)",,"arm64-v8a,armeabi-v7a,x86,x86_64",,Trusted App,"Netflix, Inc.",,Netflix,Secure,,Download and install,"Netflix is a streaming app that delivers series, movies, documentaries, anime, and stand up on mobile. Download and install",New product feature,Version-specific note suggests: Download and install,version_specific_or_actionable,True,9.63.1 build 5 64213,"Apr 23, 2026",APKPure,https://apkpure.com/netflix-android-2025/com.netflix.mediaclient/versions,https://apkpure.com/netflix-android-2025/com.netflix.mediaclient/download/9.63.1%20build%205%2064213,actual_href_from_versions_page,9.63.1 build 5 64213,True,APKPure version/date/size; not official Google Play historical release data. Detail URL was read from APKPure page href.
Netflix,Android,"Netflix, Inc.",Entertainment,9.63.0 build 4 64201,"Apr 22, 2026",False,Unknown / not available from APKPure,APK,216.2 MB,216.2 MB,1K+,,"Apr 22, 2026",,,com.netflix.mediaclient,,"Android 9.0+ (P, API 28)",,"arm64-v8a,armeabi-v7a,x86,x86_64",,Trusted App,"Netflix, Inc.",,Netflix,Secure,,Download and install,"Netflix is a streaming app that delivers series, movies, documentaries, anime, and stand up on mobile. Download and install",New product feature,Version-specific note suggests: Download and install,version_specific_or_actionable,True,9.63.0 build 4 64201,"Apr 22, 2026",APKPure,https://apkpure.com/netflix-android-2025/com.netflix.mediaclient/versions,https://apkpure.com/netflix-android-2025/com.netflix.mediaclient/download/9.63.0%20build%204%2064201,actual_href_from_versions_page,9.63.0 build 4 64201,True,APKPure version/date/size; not official Google Play historical release data. Detail URL was read from APKPure page href.
Netflix,Android,"Netflix, Inc.",Entertainment,9.62.0 build 8 64181,"Apr 16, 2026",False,Unknown / not available from APKPure,APK,176.0 MB,176.0 MB,1K+,,"Apr 16, 2026",,,com.netflix.mediaclient,,"Android 9.0+ (P, API 28)",,"arm64-v8a,armeabi-v7a,x86,x86_64",,Trusted App,"Netflix, Inc.",,Netflix,Secure,,Download and install,"Netflix is a streaming app that delivers series, movies, documentaries, anime, and stand up on mobile. Download and install",New product feature,Version-specific note suggests: Download and install,version_specific_or_actionable,True,9.62.0 build 8 64181,"Apr 16, 2026",APKPure,https://apkpure.com/netflix-android-2025/com.netflix.mediaclient/versions,https://apkpure.com/netflix-android-2025/com.netflix.mediaclient/download/9.62.0%20build%208%2064181,actual_href_from_versions_page,9.62.0 build 8 64181,True,APKPure version/date/size; not official Google Play historical release data. Detail URL was read from APKPure page href.
Netflix,Android,"Netflix, Inc.",Entertainment,9.61.0 build 6 64169,"Apr 13, 2026",False,Unknown / not available from APKPure,APK,176.0 MB,176.0 MB,1K+,,"Apr 13, 2026",,,com.netflix.mediaclient,,"Android 9.0+ (P, API 28)",,"arm64-v8a,armeabi-v7a,x86,x86_64",,Trusted App,"Netflix, Inc.",,Netflix,Secure,,Download and install,"Netflix is a streaming app that delivers series, movies, documentaries, anime, and stand up on mobile. Download and install",New product feature,Version-specific note suggests: Download and install,version_specific_or_actionable,True,9.61.0 build 6 64169,"Apr 13, 2026",APKPure,https://apkpure.com/netflix-android-2025/com.netflix.mediaclient/versions,https://apkpure.com/netflix-android-2025/com.netflix.mediaclient/download/9.61.0%20build%206%2064169,actual_href_from_versions_page,9.61.0 build 6 64169,True,APKPure version/date/size; not official Google Play historical release data. Detail URL was read from APKPure page href.
Netflix,Android,"Netflix, Inc.",Entertainment,9.60.0 build 4 64149,"Apr 2, 2026",False,Unknown / not available from APKPure,APK,175.7 MB,175.7 MB,2K+,,"Apr 2, 2026",,,com.netflix.mediaclient,,"Android 9.0+ (P, API 28)",,"arm64-v8a,armeabi-v7a,x86,x86_64",,Trusted App,"Netflix, Inc.",,Netflix,Secure,,Download and install,"Netflix is a streaming app that delivers series, movies, documentaries, anime, and stand up on mobile. Download and install",New product feature,Version-specific note suggests: Download and install,version_specific_or_actionable,True,9.60.0 build 4 64149,"Apr 2, 2026",APKPure,https://apkpure.com/netflix-android-2025/com.netflix.mediaclient/versions,https://apkpure.com/netflix-android-2025/com.netflix.mediaclient/download/9.60.0%20build%204%2064149,actual_href_from_versions_page,9.60.0 build 4 64149,True,APKPure version/date/size; not official Google Play historical release data. Detail URL was read from APKPure page href.
Netflix,Android,"Netflix, Inc.",Entertainment,9.59.0 build 8 64133,"Mar 26, 2026",False,Unknown / not available from APKPure,APK,175.1 MB,175.1 MB,1K+,,"Mar 26, 2026",,,com.netflix.mediaclient,,"Android 9.0+ (P, API 28)",,"arm64-v8a,armeabi-v7a,x86,x86_64",,Trusted App,"Netflix, Inc.",,Netflix,Secure,,Download and install,"Netflix is a streaming app that delivers series, movies, documentaries, anime, and stand up on mobile. Download and install",New product feature,Version-specific note suggests: Download and install,version_specific_or_actionable,True,9.59.0 build 8 64133,"Mar 26, 2026",APKPure,https://apkpure.com/netflix-android-2025/com.netflix.mediaclient/versions,https://apkpure.com/netflix-android-2025/com.netflix.mediaclient/download/9.59.0%20build%208%2064133,actual_href_from_versions_page,9.59.0 build 8 64133,True,APKPure version/date/size; not official Google Play historical release data. Detail URL was read from APKPure page href.
Netflix,Android,"Netflix, Inc.",Entertainment,9.59.0 build 2 64118,"Mar 24, 2026",False,Unknown / not available from APKPure,XAPK,37.0 MB,37.0 MB,1K+,,"Mar 24, 2026",,,com.netflix.mediaclient,,"Android 9.0+ (P, API 28)",,x86,,Trusted App,J'avier R'oyer G'onzalez,,Netflix,Secure,,Download and install,"Netflix is a streaming app that delivers series, movies, documentaries, anime, and stand up on mobile. Download and install",New product feature,Version-specific note suggests: Download and install,version_specific_or_actionable,True,9.59.0 build 2 64118,"Mar 24, 2026",APKPure,https://apkpure.com/netflix-android-2025/com.netflix.mediaclient/versions,https://apkpure.com/netflix-android-2025/com.netflix.mediaclient/download/9.59.0%20build%202%2064118,actual_href_from_versions_page,9.59.0 build 2 64118,True,APKPure version/date/size; not official Google Play historical release data. Detail URL was read from APKPure page href.
Netflix,Android,"Netflix, Inc.",Entertainment,9.58.0 build 3 64101,"Mar 17, 2026",False,Unknown / not available from APKPure,APK,175.2 MB,175.2 MB,2K+,,"Mar 17, 2026",,,com.netflix.mediaclient,,"Android 9.0+ (P, API 28)",,"arm64-v8a,armeabi-v7a,x86,x86_64",,Trusted App,"Netflix, Inc.",,Netflix,Secure,,Download and install,"Netflix is a streaming app that delivers series, movies, documentaries, anime, and stand up on mobile. Download and install",New product feature,Version-specific note suggests: Download and install,version_specific_or_actionable,True,9.58.0 build 3 64101,"Mar 17, 2026",APKPure,https://apkpure.com/netflix-android-2025/com.netflix.mediaclient/versions,https://apkpure.com/netflix-android-2025/com.netflix.mediaclient/download/9.58.0%20build%203%2064101,actual_href_from_versions_page,9.58.0 build 3 64101,True,APKPure version/date/size; not official Google Play historical release data. Detail URL was read from APKPure page href.
Netflix,Android,"Netflix, Inc.",Entertainment,9.57.0 build 3 64089,"Mar 11, 2026",False,Unknown / not available from APKPure,APK,174.9 MB,174.9 MB,2K+,,"Mar 11, 2026",,,com.netflix.mediaclient,,"Android 9.0+ (P, API 28)",,"arm64-v8a,armeabi-v7a,x86,x86_64",,Trusted App,"Netflix, Inc.",,Netflix,Secure,,Download and install,"Netflix is a streaming app that delivers series, movies, documentaries, anime, and stand up on mobile. Download and install",New product feature,Version-specific note suggests: Download and install,version_specific_or_actionable,True,9.57.0 build 3 64089,"Mar 11, 2026",APKPure,https://apkpure.com/netflix-android-2025/com.netflix.mediaclient/versions,https://apkpure.com/netflix-android-2025/com.netflix.mediaclient/download/9.57.0%20build%203%2064089,actual_href_from_versions_page,9.57.0 build 3 64089,True,APKPure version/date/size; not official Google Play historical release data. Detail URL was read from APKPure page href.
Netflix,Android,"Netflix, Inc.",Entertainment,9.56.0 build 4 64081,"Mar 6, 2026",False,Unknown / not available from APKPure,APK,120.1 MB,120.1 MB,1K+,,"Mar 6, 2026",,,com.netflix.mediaclient,,"Android 9.0+ (P, API 28)",,"arm64-v8a,armeabi-v7a,x86,x86_64",,Trusted App,"Netflix, Inc.",,Netflix,Secure,,Download and install,"Netflix is a streaming app that delivers series, movies, documentaries, anime, and stand up on mobile. Download and install",New product feature,Version-specific note suggests: Download and install,version_specific_or_actionable,True,9.56.0 build 4 64081,"Mar 6, 2026",APKPure,https://apkpure.com/netflix-android-2025/com.netflix.mediaclient/versions,https://apkpure.com/netflix-android-2025/com.netflix.mediaclient/download/9.56.0%20build%204%2064081,actual_href_from_versions_page,9.56.0 build 4 64081,True,APKPure version/date/size; not official Google Play historical release data. Detail URL was read from APKPure page href.
Netflix,Android,"Netflix, Inc.",Entertainment,9.55.0 build 6 64073,"Feb 26, 2026",False,Unknown / not available from APKPure,APK,119.8 MB,119.8 MB,1K+,,"Feb 26, 2026",,,com.netflix.mediaclient,,"Android 9.0+ (P, API 28)",,"arm64-v8a,armeabi-v7a,x86,x86_64",,Trusted App,"Netflix, Inc.",,Netflix,Secure,,Download and install,"Netflix is a streaming app that delivers series, movies, documentaries, anime, and stand up on mobile. Download and install",New product feature,Version-specific note suggests: Download and install,version_specific_or_actionable,True,9.55.0 build 6 64073,"Feb 26, 2026",APKPure,https://apkpure.com/netflix-android-2025/com.netflix.mediaclient/versions,https://apkpure.com/netflix-android-2025/com.netflix.mediaclient/download/9.55.0%20build%206%2064073,actual_href_from_versions_page,9.55.0 build 6 64073,True,APKPure version/date/size; not official Google Play historical release data. Detail URL was read from APKPure page href.
Netflix,Android,"Netflix, Inc.",Entertainment,9.64.0 build 8 64068,"Apr 29, 2026",False,Unknown / not available from APKPure,XAPK,58.4 MB,58.4 MB,1K+,,"Apr 29, 2026",,,com.netflix.mediaclient,,"Android 9.0+ (P, API 28)",,arm64-v8a,,Trusted App,Hùng Phạm,,Netflix,,,Download and install,"Netflix is a streaming app that delivers series, movies, documentaries, anime, and stand up on mobile. Download and install",New product feature,Version-specific note suggests: Download and install,version_specific_or_actionable,True,9.64.0 build 8 64068,"Apr 29, 2026",APKPure,https://apkpure.com/netflix-android-2025/com.netflix.mediaclient/versions,https://apkpure.com/netflix-android-2025/com.netflix.mediaclient/download/9.64.0%20build%208%2064068,actual_href_from_versions_page,9.64.0 build 8 64068,True,APKPure version/date/size; not official Google Play historical release data. Detail URL was read from APKPure page href.
Netflix,Android,"Netflix, Inc.",Entertainment,9.54.0 build 8 64053,"Feb 19, 2026",False,Unknown / not available from APKPure,APK,119.8 MB,119.8 MB,2K+,,"Feb 19, 2026",,,com.netflix.mediaclient,,"Android 9.0+ (P, API 28)",,"arm64-v8a,armeabi-v7a,x86,x86_64",,Trusted App,"Netflix, Inc.",,Netflix,Secure,,Download and install,"Netflix is a streaming app that delivers series, movies, documentaries, anime, and stand up on mobile. Download and install",New product feature,Version-specific note suggests: Download and install,version_specific_or_actionable,True,9.54.0 build 8 64053,"Feb 19, 2026",APKPure,https://apkpure.com/netflix-android-2025/com.netflix.mediaclient/versions,https://apkpure.com/netflix-android-2025/com.netflix.mediaclient/download/9.54.0%20build%208%2064053,actual_href_from_versions_page,9.54.0 build 8 64053,True,APKPure version/date/size; not official Google Play historical release data. Detail URL was read from APKPure page href.
Netflix,Android,"Netflix, Inc.",Entertainment,9.63.1 build 5 64052,"Apr 24, 2026",False,Unknown / not available from APKPure,XAPK,58.4 MB,58.4 MB,1K+,,"Apr 24, 2026",,,com.netflix.mediaclient,,"Android 9.0+ (P, API 28)",,arm64-v8a,,Trusted App,Ali Koka,,Netflix,,,Download and install,"Netflix is a streaming app that delivers series, movies, documentaries, anime, and stand up on mobile. Download and install",New product feature,Version-specific note suggests: Download and install,version_specific_or_actionable,True,9.63.1 build 5 64052,"Apr 24, 2026",APKPure,https://apkpure.com/netflix-android-2025/com.netflix.mediaclient/versions,https://apkpure.com/netflix-android-2025/com.netflix.mediaclient/download/9.63.1%20build%205%2064052,actual_href_from_versions_page,9.63.1 build 5 64052,True,APKPure version/date/size; not official Google Play historical release data. Detail URL was read from APKPure page href.
Netflix,Android,"Netflix, Inc.",Entertainment,9.53.1 build 9 64045,"Feb 17, 2026",False,Unknown / not available from APKPure,APK,123.5 MB,123.5 MB,1K+,,"Feb 17, 2026",,,com.netflix.mediaclient,,"Android 9.0+ (P, API 28)",,"arm64-v8a,armeabi-v7a,x86,x86_64",,Trusted App,"Netflix, Inc.",,Netflix,Secure,,Download and install,"Netflix is a streaming app that delivers series, movies, documentaries, anime, and stand up on mobile. Download and install",New product feature,Version-specific note suggests: Download and install,version_specific_or_actionable,True,9.53.1 build 9 64045,"Feb 17, 2026",APKPure,https://apkpure.com/netflix-android-2025/com.netflix.mediaclient/versions,https://apkpure.com/netflix-android-2025/com.netflix.mediaclient/download/9.53.1%20build%209%2064045,actual_href_from_versions_page,9.53.1 build 9 64045,True,APKPure version/date/size; not official Google Play historical release data. Detail URL was read from APKPure page href.
Netflix,Android,"Netflix, Inc.",Entertainment,9.53.0 build 8 64029,"Feb 11, 2026",False,Unknown / not available from APKPure,APK,123.4 MB,123.4 MB,1K+,,"Feb 11, 2026",,,com.netflix.mediaclient,,"Android 9.0+ (P, API 28)",,"arm64-v8a,armeabi-v7a,x86,x86_64",,Trusted App,"Netflix, Inc.",,Netflix,Secure,,Download and install,"Netflix is a streaming app that delivers series, movies, documentaries, anime, and stand up on mobile. Download and install",New product feature,Version-specific note suggests: Download and install,version_specific_or_actionable,True,9.53.0 build 8 64029,"Feb 11, 2026",APKPure,https://apkpure.com/netflix-android-2025/com.netflix.mediaclient/versions,https://apkpure.com/netflix-android-2025/com.netflix.mediaclient/download/9.53.0%20build%208%2064029,actual_href_from_versions_page,9.53.0 build 8 64029,True,APKPure version/date/size; not official Google Play historical release data. Detail URL was read from APKPure page href.
Netflix,Android,"Netflix, Inc.",Entertainment,9.62.0 build 8 64020,"Apr 17, 2026",False,Unknown / not available from APKPure,XAPK,48.1 MB,48.1 MB,1K+,,"Apr 17, 2026",,,com.netflix.mediaclient,,"Android 9.0+ (P, API 28)",,arm64-v8a,,Trusted App,J'avier R'oyer G'onzalez,,Netflix,,,Download and install,"Netflix is a streaming app that delivers series, movies, documentaries, anime, and stand up on mobile. Download and install",New product feature,Version-specific note suggests: Download and install,version_specific_or_actionable,True,9.62.0 build 8 64020,"Apr 17, 2026",APKPure,https://apkpure.com/netflix-android-2025/com.netflix.mediaclient/versions,https://apkpure.com/netflix-android-2025/com.netflix.mediaclient/download/9.62.0%20build%208%2064020,actual_href_from_versions_page,9.62.0 build 8 64020,True,APKPure version/date/size; not official Google Play historical release data. Detail URL was read from APKPure page href.
Netflix,Android,"Netflix, Inc.",Entertainment,9.52.1 build 11 64017,"Feb 5, 2026",False,Unknown / not available from APKPure,APK,123.5 MB,123.5 MB,8K+,,"Feb 5, 2026",,,com.netflix.mediaclient,,"Android 9.0+ (P, API 28)",,"arm64-v8a,armeabi-v7a,x86,x86_64",,Trusted App,"Netflix, Inc.",,Netflix,Secure,,Download and install,"Netflix is a streaming app that delivers series, movies, documentaries, anime, and stand up on mobile. Download and install",New product feature,Version-specific note suggests: Download and install,version_specific_or_actionable,True,9.52.1 build 11 64017,"Feb 5, 2026",APKPure,https://apkpure.com/netflix-android-2025/com.netflix.mediaclient/versions,https://apkpure.com/netflix-android-2025/com.netflix.mediaclient/download/9.52.1%20build%2011%2064017,actual_href_from_versions_page,9.52.1 build 11 64017,True,APKPure version/date/size; not official Google Play historical release data. Detail URL was read from APKPure page href.
Netflix,Android,"Netflix, Inc.",Entertainment,9.52.0 build 9 64013,"Feb 4, 2026",False,Unknown / not available from APKPure,APK,123.5 MB,123.5 MB,1K+,,"Feb 4, 2026",,,com.netflix.mediaclient,,"Android 9.0+ (P, API 28)",,"arm64-v8a,armeabi-v7a,x86,x86_64",,Trusted App,"Netflix, Inc.",,Netflix,Secure,,Download and install,"Netflix is a streaming app that delivers series, movies, documentaries, anime, and stand up on mobile. Download and install",New product feature,Version-specific note suggests: Download and install,version_specific_or_actionable,True,9.52.0 build 9 64013,"Feb 4, 2026",APKPure,https://apkpure.com/netflix-android-2025/com.netflix.mediaclient/versions,https://apkpure.com/netflix-android-2025/com.netflix.mediaclient/download/9.52.0%20build%209%2064013,actual_href_from_versions_page,9.52.0 build 9 64013,True,APKPure version/date/size; not official Google Play historical release data. Detail URL was read from APKPure page href.
Netflix,Android,"Netflix, Inc.",Entertainment,9.61.0 build 6 64008,"Apr 13, 2026",False,Unknown / not available from APKPure,XAPK,47.9 MB,47.9 MB,1K+,,"Apr 13, 2026",,,com.netflix.mediaclient,,"Android 9.0+ (P, API 28)",,arm64-v8a,,Trusted App,J'avier R'oyer G'onzalez,,Netflix,,,Download and install,"Netflix is a streaming app that delivers series, movies, documentaries, anime, and stand up on mobile. Download and install",New product feature,Version-specific note suggests: Download and install,version_specific_or_actionable,True,9.61.0 build 6 64008,"Apr 13, 2026",APKPure,https://apkpure.com/netflix-android-2025/com.netflix.mediaclient/versions,https://apkpure.com/netflix-android-2025/com.netflix.mediaclient/download/9.61.0%20build%206%2064008,actual_href_from_versions_page,9.61.0 build 6 64008,True,APKPure version/date/size; not official Google Play historical release data. Detail URL was read from APKPure page href.
Netflix,Android,"Netflix, Inc.",Entertainment,9.51.0 build 6 64001,"Jan 28, 2026",False,Unknown / not available from APKPure,APK,123.6 MB,123.6 MB,3K+,,"Jan 28, 2026",,,com.netflix.mediaclient,,"Android 9.0+ (P, API 28)",,"arm64-v8a,armeabi-v7a,x86,x86_64",,Trusted App,"Netflix, Inc.",,Netflix,Secure,,Download and install,"Netflix is a streaming app that delivers series, movies, documentaries, anime, and stand up on mobile. Download and install",New product feature,Version-specific note suggests: Download and install,version_specific_or_actionable,True,9.51.0 build 6 64001,"Jan 28, 2026",APKPure,https://apkpure.com/netflix-android-2025/com.netflix.mediaclient/versions,https://apkpure.com/netflix-android-2025/com.netflix.mediaclient/download/9.51.0%20build%206%2064001,actual_href_from_versions_page,9.51.0 build 6 64001,True,APKPure version/date/size; not official Google Play historical release data. Detail URL was read from APKPure page href.
Netflix,Android,"Netflix, Inc.",Entertainment,9.50.2 build 8 63993,"Jan 27, 2026",False,Unknown / not available from APKPure,APK,123.7 MB,123.7 MB,1K+,,"Jan 27, 2026",,,com.netflix.mediaclient,,"Android 9.0+ (P, API 28)",,"arm64-v8a,armeabi-v7a,x86,x86_64",,Trusted App,"Netflix, Inc.",,Netflix,,,Download and install,"Netflix is a streaming app that delivers series, movies, documentaries, anime, and stand up on mobile. Download and install",New product feature,Version-specific note suggests: Download and install,version_specific_or_actionable,True,9.50.2 build 8 63993,"Jan 27, 2026",APKPure,https://apkpure.com/netflix-android-2025/com.netflix.mediaclient/versions,https://apkpure.com/netflix-android-2025/com.netflix.mediaclient/download/9.50.2%20build%208%2063993,actual_href_from_versions_page,9.50.2 build 8 63993,True,APKPure version/date/size; not official Google Play historical release data. Detail URL was read from APKPure page href.
Netflix,Android,"Netflix, Inc.",Entertainment,9.60.0 build 4 63988,"Apr 4, 2026",False,Unknown / not available from APKPure,XAPK,47.7 MB,47.7 MB,1K+,,"Apr 4, 2026",,,com.netflix.mediaclient,,"Android 9.0+ (P, API 28)",,arm64-v8a,,Trusted App,J'avier R'oyer G'onzalez,,Netflix,,,Download and install,"Netflix is a streaming app that delivers series, movies, documentaries, anime, and stand up on mobile. Download and install",New product feature,Version-specific note suggests: Download and install,version_specific_or_actionable,True,9.60.0 build 4 63988,"Apr 4, 2026",APKPure,https://apkpure.com/netflix-android-2025/com.netflix.mediaclient/versions,https://apkpure.com/netflix-android-2025/com.netflix.mediaclient/download/9.60.0%20build%204%2063988,actual_href_from_versions_page,9.60.0 build 4 63988,True,APKPure version/date/size; not official Google Play historical release data. Detail URL was read from APKPure page href.
Netflix,Android,"Netflix, Inc.",Entertainment,9.59.0 build 8 63972,"Mar 25, 2026",False,Unknown / not available from APKPure,XAPK,47.6 MB,47.6 MB,1K+,,"Mar 25, 2026",,,com.netflix.mediaclient,,"Android 9.0+ (P, API 28)",,arm64-v8a,,Trusted App,Hùng Phạm,,Netflix,,,Download and install,"Netflix is a streaming app that delivers series, movies, documentaries, anime, and stand up on mobile. Download and install",New product feature,Version-specific note suggests: Download and install,version_specific_or_actionable,True,9.59.0 build 8 63972,"Mar 25, 2026",APKPure,https://apkpure.com/netflix-android-2025/com.netflix.mediaclient/versions,https://apkpure.com/netflix-android-2025/com.netflix.mediaclient/download/9.59.0%20build%208%2063972,actual_href_from_versions_page,9.59.0 build 8 63972,True,APKPure version/date/size; not official Google Play historical release data. Detail URL was read from APKPure page href.
Netflix,Android,"Netflix, Inc.",Entertainment,9.58.0 build 5 63968,"Mar 25, 2026",False,Unknown / not available from APKPure,XAPK,47.4 MB,47.4 MB,1K+,,"Mar 25, 2026",,,com.netflix.mediaclient,,"Android 9.0+ (P, API 28)",,arm64-v8a,,Trusted App,Janys L. Segura Leguen,,Netflix,,,Download and install,"Netflix is a streaming app that delivers series, movies, documentaries, anime, and stand up on mobile. Download and install",New product feature,Version-specific note suggests: Download and install,version_specific_or_actionable,True,9.58.0 build 5 63968,"Mar 25, 2026",APKPure,https://apkpure.com/netflix-android-2025/com.netflix.mediaclient/versions,https://apkpure.com/netflix-android-2025/com.netflix.mediaclient/download/9.58.0%20build%205%2063968,actual_href_from_versions_page,9.58.0 build 5 63968,True,APKPure version/date/size; not official Google Play historical release data. Detail URL was read from APKPure page href.
Netflix,Android,"Netflix, Inc.",Entertainment,9.58.0 build 3 63940,"Mar 23, 2026",False,Unknown / not available from APKPure,XAPK,47.5 MB,47.5 MB,1K+,,"Mar 23, 2026",,,com.netflix.mediaclient,,"Android 9.0+ (P, API 28)",,arm64-v8a,,Trusted App,Hùng Phạm,,Netflix,,,Download and install,"Netflix is a streaming app that delivers series, movies, documentaries, anime, and stand up on mobile. Download and install",New product feature,Version-specific note suggests: Download and install,version_specific_or_actionable,True,9.58.0 build 3 63940,"Mar 23, 2026",APKPure,https://apkpure.com/netflix-android-2025/com.netflix.mediaclient/versions,https://apkpure.com/netflix-android-2025/com.netflix.mediaclient/download/9.58.0%20build%203%2063940,actual_href_from_versions_page,9.58.0 build 3 63940,True,APKPure version/date/size; not official Google Play historical release data. Detail URL was read from APKPure page href.
Netflix,Android,"Netflix, Inc.",Entertainment,9.57.0 build 3 63928,"Mar 13, 2026",False,Unknown / not available from APKPure,XAPK,47.3 MB,47.3 MB,1K+,,"Mar 13, 2026",,,com.netflix.mediaclient,,"Android 9.0+ (P, API 28)",,arm64-v8a,,Trusted App,Ali Koka,,Netflix,,,Download and install,"Netflix is a streaming app that delivers series, movies, documentaries, anime, and stand up on mobile. Download and install",New product feature,Version-specific note suggests: Download and install,version_specific_or_actionable,True,9.57.0 build 3 63928,"Mar 13, 2026",APKPure,https://apkpure.com/netflix-android-2025/com.netflix.mediaclient/versions,https://apkpure.com/netflix-android-2025/com.netflix.mediaclient/download/9.57.0%20build%203%2063928,actual_href_from_versions_page,9.57.0 build 3 63928,True,APKPure version/date/size; not official Google Play historical release data. Detail URL was read from APKPure page href.
Netflix,Android,"Netflix, Inc.",Entertainment,9.56.0 build 4 63920,"Mar 6, 2026",False,Unknown / not available from APKPure,XAPK,46.8 MB,46.8 MB,1K+,,"Mar 6, 2026",,,com.netflix.mediaclient,,"Android 9.0+ (P, API 28)",,arm64-v8a,,Trusted App,Ali Koka,,Netflix,,,Download and install,"Netflix is a streaming app that delivers series, movies, documentaries, anime, and stand up on mobile. Download and install",New product feature,Version-specific note suggests: Download and install,version_specific_or_actionable,True,9.56.0 build 4 63920,"Mar 6, 2026",APKPure,https://apkpure.com/netflix-android-2025/com.netflix.mediaclient/versions,https://apkpure.com/netflix-android-2025/com.netflix.mediaclient/download/9.56.0%20build%204%2063920,actual_href_from_versions_page,9.56.0 build 4 63920,True,APKPure version/date/size; not official Google Play historical release data. Detail URL was read from APKPure page href.
Netflix,Android,"Netflix, Inc.",Entertainment,9.55.0 build 6 63912,"Feb 25, 2026",False,Unknown / not available from APKPure,XAPK,46.6 MB,46.6 MB,1K+,,"Feb 25, 2026",,,com.netflix.mediaclient,,"Android 9.0+ (P, API 28)",,arm64-v8a,,Trusted App,Hùng Phạm,,Netflix,,,Download and install,"Netflix is a streaming app that delivers series, movies, documentaries, anime, and stand up on mobile. Download and install",New product feature,Version-specific note suggests: Download and install,version_specific_or_actionable,True,9.55.0 build 6 63912,"Feb 25, 2026",APKPure,https://apkpure.com/netflix-android-2025/com.netflix.mediaclient/versions,https://apkpure.com/netflix-android-2025/com.netflix.mediaclient/download/9.55.0%20build%206%2063912,actual_href_from_versions_page,9.55.0 build 6 63912,True,APKPure version/date/size; not official Google Play historical release data. Detail URL was read from APKPure page href.
Netflix,Android,"Netflix, Inc.",Entertainment,9.54.0 build 8 63892,"Feb 21, 2026",False,Unknown / not available from APKPure,XAPK,46.6 MB,46.6 MB,1K+,,"Feb 21, 2026",,,com.netflix.mediaclient,,"Android 9.0+ (P, API 28)",,arm64-v8a,,Trusted App,Hùng Phạm,,Netflix,,,Download and install,"Netflix is a streaming app that delivers series, movies, documentaries, anime, and stand up on mobile. Download and install",New product feature,Version-specific note suggests: Download and install,version_specific_or_actionable,True,9.54.0 build 8 63892,"Feb 21, 2026",APKPure,https://apkpure.com/netflix-android-2025/com.netflix.mediaclient/versions,https://apkpure.com/netflix-android-2025/com.netflix.mediaclient/download/9.54.0%20build%208%2063892,actual_href_from_versions_page,9.54.0 build 8 63892,True,APKPure version/date/size; not official Google Play historical release data. Detail URL was read from APKPure page href.
Netflix,Android,"Netflix, Inc.",Entertainment,9.53.1 build 9 63884,"Feb 18, 2026",False,Unknown / not available from APKPure,XAPK,50.0 MB,50.0 MB,1K+,,"Feb 18, 2026",,,com.netflix.mediaclient,,"Android 9.0+ (P, API 28)",,arm64-v8a,,Trusted App,Hùng Phạm,,Netflix,,,Download and install,"Netflix is a streaming app that delivers series, movies, documentaries, anime, and stand up on mobile. Download and install",New product feature,Version-specific note suggests: Download and install,version_specific_or_actionable,True,9.53.1 build 9 63884,"Feb 18, 2026",APKPure,https://apkpure.com/netflix-android-2025/com.netflix.mediaclient/versions,https://apkpure.com/netflix-android-2025/com.netflix.mediaclient/download/9.53.1%20build%209%2063884,actual_href_from_versions_page,9.53.1 build 9 63884,True,APKPure version/date/size; not official Google Play historical release data. Detail URL was read from APKPure page href.
Netflix,Android,"Netflix, Inc.",Entertainment,9.53.0 build 8 63868,"Feb 11, 2026",False,Unknown / not available from APKPure,XAPK,50.0 MB,50.0 MB,1K+,,"Feb 11, 2026",,,com.netflix.mediaclient,,"Android 9.0+ (P, API 28)",,arm64-v8a,,Trusted App,Hùng Phạm,,Netflix,,,Download and install,"Netflix is a streaming app that delivers series, movies, documentaries, anime, and stand up on mobile. Download and install",New product feature,Version-specific note suggests: Download and install,version_specific_or_actionable,True,9.53.0 build 8 63868,"Feb 11, 2026",APKPure,https://apkpure.com/netflix-android-2025/com.netflix.mediaclient/versions,https://apkpure.com/netflix-android-2025/com.netflix.mediaclient/download/9.53.0%20build%208%2063868,actual_href_from_versions_page,9.53.0 build 8 63868,True,APKPure version/date/size; not official Google Play historical release data. Detail URL was read from APKPure page href.
Netflix,Android,"Netflix, Inc.",Entertainment,9.52.1 build 11 63856,"Feb 6, 2026",False,Unknown / not available from APKPure,XAPK,50.0 MB,50.0 MB,1K+,,"Feb 6, 2026",,,com.netflix.mediaclient,,"Android 9.0+ (P, API 28)",,arm64-v8a,,Trusted App,Ali Koka,,Netflix,,,Download and install,"Netflix is a streaming app that delivers series, movies, documentaries, anime, and stand up on mobile. Download and install",New product feature,Version-specific note suggests: Download and install,version_specific_or_actionable,True,9.52.1 build 11 63856,"Feb 6, 2026",APKPure,https://apkpure.com/netflix-android-2025/com.netflix.mediaclient/versions,https://apkpure.com/netflix-android-2025/com.netflix.mediaclient/download/9.52.1%20build%2011%2063856,actual_href_from_versions_page,9.52.1 build 11 63856,True,APKPure version/date/size; not official Google Play historical release data. Detail URL was read from APKPure page href.
Netflix,Android,"Netflix, Inc.",Entertainment,9.51.0 build 6 63840,"Jan 31, 2026",False,Unknown / not available from APKPure,XAPK,50.3 MB,50.3 MB,1K+,,"Jan 31, 2026",,,com.netflix.mediaclient,,"Android 9.0+ (P, API 28)",,arm64-v8a,,Trusted App,Janys L. Segura Leguen,,Netflix,,,Download and install,"Netflix is a streaming app that delivers series, movies, documentaries, anime, and stand up on mobile. Download and install",New product feature,Version-specific note suggests: Download and install,version_specific_or_actionable,True,9.51.0 build 6 63840,"Jan 31, 2026",APKPure,https://apkpure.com/netflix-android-2025/com.netflix.mediaclient/versions,https://apkpure.com/netflix-android-2025/com.netflix.mediaclient/download/9.51.0%20build%206%2063840,actual_href_from_versions_page,9.51.0 build 6 63840,True,APKPure version/date/size; not official Google Play historical release data. Detail URL was read from APKPure page href.
Netflix,Android,"Netflix, Inc.",Entertainment,9.50.2 build 8 63832,"Jan 27, 2026",False,Unknown / not available from APKPure,XAPK,50.3 MB,50.3 MB,1K+,,"Jan 27, 2026",,,com.netflix.mediaclient,,"Android 9.0+ (P, API 28)",,arm64-v8a,,Trusted App,Hùng Phạm,,Netflix,Secure,,Download and install,"Netflix is a streaming app that delivers series, movies, documentaries, anime, and stand up on mobile. Download and install",New product feature,Version-specific note suggests: Download and install,version_specific_or_actionable,True,9.50.2 build 8 63832,"Jan 27, 2026",APKPure,https://apkpure.com/netflix-android-2025/com.netflix.mediaclient/versions,https://apkpure.com/netflix-android-2025/com.netflix.mediaclient/download/9.50.2%20build%208%2063832,actual_href_from_versions_page,9.50.2 build 8 63832,True,APKPure version/date/size; not official Google Play historical release data. Detail URL was read from APKPure page href.
Netflix,Android,"Netflix, Inc.",Entertainment,9.49.1 build 6 63792,"Jan 15, 2026",False,Unknown / not available from APKPure,XAPK,50.3 MB,50.3 MB,4K+,,"Jan 15, 2026",,,com.netflix.mediaclient,,"Android 9.0+ (P, API 28)",,arm64-v8a,,Trusted App,Ali Koka,,Netflix,,,Download and install,"Netflix is a streaming app that delivers series, movies, documentaries, anime, and stand up on mobile. Download and install",New product feature,Version-specific note suggests: Download and install,version_specific_or_actionable,True,9.49.1 build 6 63792,"Jan 15, 2026",APKPure,https://apkpure.com/netflix-android-2025/com.netflix.mediaclient/versions,https://apkpure.com/netflix-android-2025/com.netflix.mediaclient/download/9.49.1%20build%206%2063792,actual_href_from_versions_page,9.49.1 build 6 63792,True,APKPure version/date/size; not official Google Play historical release data. Detail URL was read from APKPure page href.
Netflix,Android,"Netflix, Inc.",Entertainment,9.48.0 build 5 63768,"Jan 9, 2026",False,Unknown / not available from APKPure,XAPK,50.3 MB,50.3 MB,1K+,,"Jan 9, 2026",,,com.netflix.mediaclient,,"Android 9.0+ (P, API 28)",,arm64-v8a,,Trusted App,Ali Koka,,Netflix,,,Download and install,"Netflix is a streaming app that delivers series, movies, documentaries, anime, and stand up on mobile. Download and install",New product feature,Version-specific note suggests: Download and install,version_specific_or_actionable,True,9.48.0 build 5 63768,"Jan 9, 2026",APKPure,https://apkpure.com/netflix-android-2025/com.netflix.mediaclient/versions,https://apkpure.com/netflix-android-2025/com.netflix.mediaclient/download/9.48.0%20build%205%2063768,actual_href_from_versions_page,9.48.0 build 5 63768,True,APKPure version/date/size; not official Google Play historical release data. Detail URL was read from APKPure page href.
Netflix,Android,"Netflix, Inc.",Entertainment,9.47.0 build 2 63732,"Dec 18, 2025",False,Unknown / not available from APKPure,XAPK,49.5 MB,49.5 MB,7K+,,"Dec 18, 2025",,,com.netflix.mediaclient,,"Android 9.0+ (P, API 28)",,arm64-v8a,,Trusted App,Hùng Phạm,,Netflix,,,Download and install,"Netflix is a streaming app that delivers series, movies, documentaries, anime, and stand up on mobile. Download and install",New product feature,Version-specific note suggests: Download and install,version_specific_or_actionable,True,9.47.0 build 2 63732,"Dec 18, 2025",APKPure,https://apkpure.com/netflix-android-2025/com.netflix.mediaclient/versions,https://apkpure.com/netflix-android-2025/com.netflix.mediaclient/download/9.47.0%20build%202%2063732,actual_href_from_versions_page,9.47.0 build 2 63732,True,APKPure version/date/size; not official Google Play historical release data. Detail URL was read from APKPure page href.
Netflix,Android,"Netflix, Inc.",Entertainment,9.46.1 build 6 63728,"Dec 11, 2025",False,Unknown / not available from APKPure,XAPK,49.4 MB,49.4 MB,1K+,,"Dec 11, 2025",,,com.netflix.mediaclient,,"Android 9.0+ (P, API 28)",,arm64-v8a,,Trusted App,Hùng Phạm,,Netflix,,,Download and install,"Netflix is a streaming app that delivers series, movies, documentaries, anime, and stand up on mobile. Download and install",New product feature,Version-specific note suggests: Download and install,version_specific_or_actionable,True,9.46.1 build 6 63728,"Dec 11, 2025",APKPure,https://apkpure.com/netflix-android-2025/com.netflix.mediaclient/versions,https://apkpure.com/netflix-android-2025/com.netflix.mediaclient/download/9.46.1%20build%206%2063728,actual_href_from_versions_page,9.46.1 build 6 63728,True,APKPure version/date/size; not official Google Play historical release data. Detail URL was read from APKPure page href.
Netflix,Android,"Netflix, Inc.",Entertainment,9.45.0 build 3 63700,"Dec 3, 2025",False,Unknown / not available from APKPure,XAPK,49.3 MB,49.3 MB,4K+,,"Dec 3, 2025",,,com.netflix.mediaclient,,"Android 9.0+ (P, API 28)",,arm64-v8a,,Trusted App,Ali Koka,,Netflix,,,Download and install,"Netflix is a streaming app that delivers series, movies, documentaries, anime, and stand up on mobile. Download and install",New product feature,Version-specific note suggests: Download and install,version_specific_or_actionable,True,9.45.0 build 3 63700,"Dec 3, 2025",APKPure,https://apkpure.com/netflix-android-2025/com.netflix.mediaclient/versions,https://apkpure.com/netflix-android-2025/com.netflix.mediaclient/download/9.45.0%20build%203%2063700,actual_href_from_versions_page,9.45.0 build 3 63700,True,APKPure version/date/size; not official Google Play historical release data. Detail URL was read from APKPure page href.
Netflix,Android,"Netflix, Inc.",Entertainment,9.44.0 build 5 63684,"Dec 1, 2025",False,Unknown / not available from APKPure,XAPK,49.3 MB,49.3 MB,1K+,,"Dec 1, 2025",,,com.netflix.mediaclient,,"Android 9.0+ (P, API 28)",,arm64-v8a,,Trusted App,Janys L. Segura Leguen,,Netflix,,,Download and install,"Netflix is a streaming app that delivers series, movies, documentaries, anime, and stand up on mobile. Download and install",New product feature,Version-specific note suggests: Download and install,version_specific_or_actionable,True,9.44.0 build 5 63684,"Dec 1, 2025",APKPure,https://apkpure.com/netflix-android-2025/com.netflix.mediaclient/versions,https://apkpure.com/netflix-android-2025/com.netflix.mediaclient/download/9.44.0%20build%205%2063684,actual_href_from_versions_page,9.44.0 build 5 63684,True,APKPure version/date/size; not official Google Play historical release data. Detail URL was read from APKPure page href.
Netflix,Android,"Netflix, Inc.",Entertainment,9.43.2 build 11 63680,"Nov 21, 2025",False,Unknown / not available from APKPure,XAPK,48.5 MB,48.5 MB,10K+,,"Nov 21, 2025",,,com.netflix.mediaclient,,"Android 9.0+ (P, API 28)",,arm64-v8a,,Trusted App,Hùng Phạm,,Netflix,,,Download and install,"Netflix is a streaming app that delivers series, movies, documentaries, anime, and stand up on mobile. Download and install",New product feature,Version-specific note suggests: Download and install,version_specific_or_actionable,True,9.43.2 build 11 63680,"Nov 21, 2025",APKPure,https://apkpure.com/netflix-android-2025/com.netflix.mediaclient/versions,https://apkpure.com/netflix-android-2025/com.netflix.mediaclient/download/9.43.2%20build%2011%2063680,actual_href_from_versions_page,9.43.2 build 11 63680,True,APKPure version/date/size; not official Google Play historical release data. Detail URL was read from APKPure page href.
Netflix,Android,"Netflix, Inc.",Entertainment,9.41.0 build 8 63576,"Nov 5, 2025",False,Unknown / not available from APKPure,XAPK,49.1 MB,49.1 MB,10K+,,"Nov 5, 2025",,,com.netflix.mediaclient,,"Android 9.0+ (P, API 28)",,arm64-v8a,,Trusted App,Janys L. Segura Leguen,,Netflix,,,Download and install,"Netflix is a streaming app that delivers series, movies, documentaries, anime, and stand up on mobile. Download and install",New product feature,Version-specific note suggests: Download and install,version_specific_or_actionable,True,9.41.0 build 8 63576,"Nov 5, 2025",APKPure,https://apkpure.com/netflix-android-2025/com.netflix.mediaclient/versions,https://apkpure.com/netflix-android-2025/com.netflix.mediaclient/download/9.41.0%20build%208%2063576,actual_href_from_versions_page,9.41.0 build 8 63576,True,APKPure version/date/size; not official Google Play historical release data. Detail URL was read from APKPure page href.
Netflix,Android,"Netflix, Inc.",Entertainment,9.40.0 build 7 63544,"Oct 30, 2025",False,Unknown / not available from APKPure,XAPK,48.6 MB,48.6 MB,10K+,,"Oct 30, 2025",,,com.netflix.mediaclient,,"Android 9.0+ (P, API 28)",,arm64-v8a,,Trusted App,Ali Koka,,Netflix,,,Download and install,"Netflix is a streaming app that delivers series, movies, documentaries, anime, and stand up on mobile. Download and install",New product feature,Version-specific note suggests: Download and install,version_specific_or_actionable,True,9.40.0 build 7 63544,"Oct 30, 2025",APKPure,https://apkpure.com/netflix-android-2025/com.netflix.mediaclient/versions,https://apkpure.com/netflix-android-2025/com.netflix.mediaclient/download/9.40.0%20build%207%2063544,actual_href_from_versions_page,9.40.0 build 7 63544,True,APKPure version/date/size; not official Google Play historical release data. Detail URL was read from APKPure page href.
Netflix,Android,"Netflix, Inc.",Entertainment,9.37.0 build 7 63508,"Oct 9, 2025",False,Unknown / not available from APKPure,XAPK,49.2 MB,49.2 MB,6K+,,"Oct 9, 2025",,,com.netflix.mediaclient,,"Android 9.0+ (P, API 28)",,arm64-v8a,,Trusted App,Hùng Phạm,,Netflix,,,Download and install,"Netflix is a streaming app that delivers series, movies, documentaries, anime, and stand up on mobile. Download and install",New product feature,Version-specific note suggests: Download and install,version_specific_or_actionable,True,9.37.0 build 7 63508,"Oct 9, 2025",APKPure,https://apkpure.com/netflix-android-2025/com.netflix.mediaclient/versions,https://apkpure.com/netflix-android-2025/com.netflix.mediaclient/download/9.37.0%20build%207%2063508,actual_href_from_versions_page,9.37.0 build 7 63508,True,APKPure version/date/size; not official Google Play historical release data. Detail URL was read from APKPure page href.
Netflix,Android,"Netflix, Inc.",Entertainment,9.36.0 build 7 63488,"Sep 30, 2025",False,Unknown / not available from APKPure,XAPK,47.1 MB,47.1 MB,2K+,,"Sep 30, 2025",,,com.netflix.mediaclient,,"Android 9.0+ (P, API 28)",,arm64-v8a,,Trusted App,J'avier R'oyer G'onzalez,,Netflix,,,Download and install,"Netflix is a streaming app that delivers series, movies, documentaries, anime, and stand up on mobile. Download and install",New product feature,Version-specific note suggests: Download and install,version_specific_or_actionable,True,9.36.0 build 7 63488,"Sep 30, 2025",APKPure,https://apkpure.com/netflix-android-2025/com.netflix.mediaclient/versions,https://apkpure.com/netflix-android-2025/com.netflix.mediaclient/download/9.36.0%20build%207%2063488,actual_href_from_versions_page,9.36.0 build 7 63488,True,APKPure version/date/size; not official Google Play historical release data. Detail URL was read from APKPure page href.
Netflix,Android,"Netflix, Inc.",Entertainment,9.34.0 build 6 63420,"Sep 18, 2025",False,Unknown / not available from APKPure,XAPK,46.9 MB,46.9 MB,1K+,,"Sep 18, 2025",,,com.netflix.mediaclient,,"Android 9.0+ (P, API 28)",,arm64-v8a,,Trusted App,Hùng Phạm,,Netflix,,,Download and install,"Netflix is a streaming app that delivers series, movies, documentaries, anime, and stand up on mobile. Download and install",New product feature,Version-specific note suggests: Download and install,version_specific_or_actionable,True,9.34.0 build 6 63420,"Sep 18, 2025",APKPure,https://apkpure.com/netflix-android-2025/com.netflix.mediaclient/versions,https://apkpure.com/netflix-android-2025/com.netflix.mediaclient/download/9.34.0%20build%206%2063420,actual_href_from_versions_page,9.34.0 build 6 63420,True,APKPure version/date/size; not official Google Play historical release data. Detail URL was read from APKPure page href.
Netflix,Android,"Netflix, Inc.",Entertainment,9.30.0 build 6 63256,"Aug 21, 2025",False,Unknown / not available from APKPure,XAPK,46.9 MB,46.9 MB,1K+,,"Aug 21, 2025",,,com.netflix.mediaclient,,"Android 9.0+ (P, API 28)",,arm64-v8a,,Trusted App,J'avier R'oyer G'onzalez,,Netflix,,,Download and install,"Netflix is a streaming app that delivers series, movies, documentaries, anime, and stand up on mobile. Download and install",New product feature,Version-specific note suggests: Download and install,version_specific_or_actionable,True,9.30.0 build 6 63256,"Aug 21, 2025",APKPure,https://apkpure.com/netflix-android-2025/com.netflix.mediaclient/versions,https://apkpure.com/netflix-android-2025/com.netflix.mediaclient/download/9.30.0%20build%206%2063256,actual_href_from_versions_page,9.30.0 build 6 63256,True,APKPure version/date/size; not official Google Play historical release data. Detail URL was read from APKPure page href.
Netflix,Android,"Netflix, Inc.",Entertainment,9.27.1 build 9 63180,"Aug 5, 2025",False,Unknown / not available from APKPure,XAPK,47.1 MB,47.1 MB,2K+,,"Aug 5, 2025",,,com.netflix.mediaclient,,"Android 9.0+ (P, API 28)",,arm64-v8a,,Trusted App,Ali Koka,,Netflix,,,Download and install,"Netflix is a streaming app that delivers series, movies, documentaries, anime, and stand up on mobile. Download and install",New product feature,Version-specific note suggests: Download and install,version_specific_or_actionable,True,9.27.1 build 9 63180,"Aug 5, 2025",APKPure,https://apkpure.com/netflix-android-2025/com.netflix.mediaclient/versions,https://apkpure.com/netflix-android-2025/com.netflix.mediaclient/download/9.27.1%20build%209%2063180,actual_href_from_versions_page,9.27.1 build 9 63180,True,APKPure version/date/size; not official Google Play historical release data. Detail URL was read from APKPure page href.
Netflix,Android,"Netflix, Inc.",Entertainment,9.23.1 build 5 63153,"Jul 14, 2025",False,Unknown / not available from APKPure,APK,147.2 MB,147.2 MB,1K+,,"Jul 14, 2025",,,com.netflix.mediaclient,,"Android 9.0+ (P, API 28)",,"arm64-v8a,armeabi-v7a,x86,x86_64",,Trusted App,"Netflix, Inc.",,Netflix,Secure,,Download and install,"Netflix is a streaming app that delivers series, movies, documentaries, anime, and stand up on mobile. Download and install",New product feature,Version-specific note suggests: Download and install,version_specific_or_actionable,True,9.23.1 build 5 63153,"Jul 14, 2025",APKPure,https://apkpure.com/netflix-android-2025/com.netflix.mediaclient/versions,https://apkpure.com/netflix-android-2025/com.netflix.mediaclient/download/9.23.1%20build%205%2063153,actual_href_from_versions_page,9.23.1 build 5 63153,True,APKPure version/date/size; not official Google Play historical release data. Detail URL was read from APKPure page href.
Netflix,Android,"Netflix, Inc.",Entertainment,9.27.0 build 8 63136,"Aug 1, 2025",False,Unknown / not available from APKPure,XAPK,47.1 MB,47.1 MB,1K+,,"Aug 1, 2025",,,com.netflix.mediaclient,,"Android 9.0+ (P, API 28)",,arm64-v8a,,Trusted App,J'avier R'oyer G'onzalez,,Netflix,,,Download and install,"Netflix is a streaming app that delivers series, movies, documentaries, anime, and stand up on mobile. Download and install",New product feature,Version-specific note suggests: Download and install,version_specific_or_actionable,True,9.27.0 build 8 63136,"Aug 1, 2025",APKPure,https://apkpure.com/netflix-android-2025/com.netflix.mediaclient/versions,https://apkpure.com/netflix-android-2025/com.netflix.mediaclient/download/9.27.0%20build%208%2063136,actual_href_from_versions_page,9.27.0 build 8 63136,True,APKPure version/date/size; not official Google Play historical release data. Detail URL was read from APKPure page href.
Netflix,Android,"Netflix, Inc.",Entertainment,9.23.0 build 4 63117,"Jul 3, 2025",False,Unknown / not available from APKPure,APK,147.3 MB,147.3 MB,3K+,,"Jul 3, 2025",,,com.netflix.mediaclient,,"Android 9.0+ (P, API 28)",,"arm64-v8a,armeabi-v7a,x86,x86_64",,Trusted App,"Netflix, Inc.",,Netflix,Secure,,Download and install,"Netflix is a streaming app that delivers series, movies, documentaries, anime, and stand up on mobile. Download and install",New product feature,Version-specific note suggests: Download and install,version_specific_or_actionable,True,9.23.0 build 4 63117,"Jul 3, 2025",APKPure,https://apkpure.com/netflix-android-2025/com.netflix.mediaclient/versions,https://apkpure.com/netflix-android-2025/com.netflix.mediaclient/download/9.23.0%20build%204%2063117,actual_href_from_versions_page,9.23.0 build 4 63117,True,APKPure version/date/size; not official Google Play historical release data. Detail URL was read from APKPure page href.
Netflix,Android,"Netflix, Inc.",Entertainment,9.25.0 build 13 63072,"Jul 24, 2025",False,Unknown / not available from APKPure,XAPK,46.1 MB,46.1 MB,1K+,,"Jul 24, 2025",,,com.netflix.mediaclient,,"Android 9.0+ (P, API 28)",,arm64-v8a,,Trusted App,J'avier R'oyer G'onzalez,,Netflix,,,Download and install,"Netflix is a streaming app that delivers series, movies, documentaries, anime, and stand up on mobile. Download and install",New product feature,Version-specific note suggests: Download and install,version_specific_or_actionable,True,9.25.0 build 13 63072,"Jul 24, 2025",APKPure,https://apkpure.com/netflix-android-2025/com.netflix.mediaclient/versions,https://apkpure.com/netflix-android-2025/com.netflix.mediaclient/download/9.25.0%20build%2013%2063072,actual_href_from_versions_page,9.25.0 build 13 63072,True,APKPure version/date/size; not official Google Play historical release data. Detail URL was read from APKPure page href.
Netflix,Android,"Netflix, Inc.",Entertainment,9.21.0 build 5 63057,"Jun 22, 2025",False,Unknown / not available from APKPure,APK,149.1 MB,149.1 MB,2K+,,"Jun 22, 2025",,,com.netflix.mediaclient,,"Android 9.0+ (P, API 28)",,"arm64-v8a,armeabi-v7a,x86,x86_64",,Trusted App,"Netflix, Inc.",,Netflix,Secure,,Download and install,"Netflix is a streaming app that delivers series, movies, documentaries, anime, and stand up on mobile. Download and install",New product feature,Version-specific note suggests: Download and install,version_specific_or_actionable,True,9.21.0 build 5 63057,"Jun 22, 2025",APKPure,https://apkpure.com/netflix-android-2025/com.netflix.mediaclient/versions,https://apkpure.com/netflix-android-2025/com.netflix.mediaclient/download/9.21.0%20build%205%2063057,actual_href_from_versions_page,9.21.0 build 5 63057,True,APKPure version/date/size; not official Google Play historical release data. Detail URL was read from APKPure page href.
Netflix,Android,"Netflix, Inc.",Entertainment,9.20.0 build 2 62978,"Jun 11, 2025",False,Unknown / not available from APKPure,XAPK,60.1 MB,60.1 MB,5K+,,"Jun 11, 2025",,,com.netflix.mediaclient,,"Android 9.0+ (P, API 28)",,"arm64-v8a,armeabi-v7a,x86,x86_64",,Trusted App,"Netflix, Inc.",,Netflix,Secure,,Download and install,"Netflix is a streaming app that delivers series, movies, documentaries, anime, and stand up on mobile. Download and install",New product feature,Version-specific note suggests: Download and install,version_specific_or_actionable,True,9.20.0 build 2 62978,"Jun 11, 2025",APKPure,https://apkpure.com/netflix-android-2025/com.netflix.mediaclient/versions,https://apkpure.com/netflix-android-2025/com.netflix.mediaclient/download/9.20.0%20build%202%2062978,actual_href_from_versions_page,9.20.0 build 2 62978,True,APKPure version/date/size; not official Google Play historical release data. Detail URL was read from APKPure page href.
Netflix,Android,"Netflix, Inc.",Entertainment,9.18.2 build 10 62941,"Jun 4, 2025",False,Unknown / not available from APKPure,APK,148.8 MB,148.8 MB,1K+,,"Jun 4, 2025",,,com.netflix.mediaclient,,"Android 9.0+ (P, API 28)",,"arm64-v8a,armeabi-v7a,x86,x86_64",,Trusted App,"Netflix, Inc.",,Netflix,Secure,,Download and install,"Netflix is a streaming app that delivers series, movies, documentaries, anime, and stand up on mobile. Download and install",New product feature,Version-specific note suggests: Download and install,version_specific_or_actionable,True,9.18.2 build 10 62941,"Jun 4, 2025",APKPure,https://apkpure.com/netflix-android-2025/com.netflix.mediaclient/versions,https://apkpure.com/netflix-android-2025/com.netflix.mediaclient/download/9.18.2%20build%2010%2062941,actual_href_from_versions_page,9.18.2 build 10 62941,True,APKPure version/date/size; not official Google Play historical release data. Detail URL was read from APKPure page href.
Netflix,Android,"Netflix, Inc.",Entertainment,9.21.0 build 5 62896,"Jun 25, 2025",False,Unknown / not available from APKPure,XAPK,46.8 MB,46.8 MB,1K+,,"Jun 25, 2025",,,com.netflix.mediaclient,,"Android 9.0+ (P, API 28)",,arm64-v8a,,Trusted App,Hùng Phạm,,Netflix,,,Download and install,"Netflix is a streaming app that delivers series, movies, documentaries, anime, and stand up on mobile. Download and install",New product feature,Version-specific note suggests: Download and install,version_specific_or_actionable,True,9.21.0 build 5 62896,"Jun 25, 2025",APKPure,https://apkpure.com/netflix-android-2025/com.netflix.mediaclient/versions,https://apkpure.com/netflix-android-2025/com.netflix.mediaclient/download/9.21.0%20build%205%2062896,actual_href_from_versions_page,9.21.0 build 5 62896,True,APKPure version/date/size; not official Google Play historical release data. Detail URL was read from APKPure page href.
Netflix,Android,"Netflix, Inc.",Entertainment,9.13.0 build 5 62693,"May 6, 2025",False,Unknown / not available from APKPure,APK,146.3 MB,146.3 MB,10K+,,"May 6, 2025",,,com.netflix.mediaclient,,"Android 9.0+ (P, API 28)",,"arm64-v8a,armeabi-v7a,x86,x86_64",,Trusted App,"Netflix, Inc.",,Netflix,Secure,,Download and install,"Netflix is a streaming app that delivers series, movies, documentaries, anime, and stand up on mobile. Download and install",New product feature,Version-specific note suggests: Download and install,version_specific_or_actionable,True,9.13.0 build 5 62693,"May 6, 2025",APKPure,https://apkpure.com/netflix-android-2025/com.netflix.mediaclient/versions,https://apkpure.com/netflix-android-2025/com.netflix.mediaclient/download/9.13.0%20build%205%2062693,actual_href_from_versions_page,9.13.0 build 5 62693,True,APKPure version/date/size; not official Google Play historical release data. Detail URL was read from APKPure page href.
Netflix,Android,"Netflix, Inc.",Entertainment,9.12.0 build 1 62662,"Apr 12, 2025",False,Unknown / not available from APKPure,XAPK,39.3 MB,39.3 MB,30K+,,"Apr 12, 2025",,,com.netflix.mediaclient,,"Android 9.0+ (P, API 28)",,"arm64-v8a,armeabi-v7a",,Trusted App,"Netflix, Inc.",,Netflix,Secure,,Download and install,"Netflix is a streaming app that delivers series, movies, documentaries, anime, and stand up on mobile. Download and install",New product feature,Version-specific note suggests: Download and install,version_specific_or_actionable,True,9.12.0 build 1 62662,"Apr 12, 2025",APKPure,https://apkpure.com/netflix-android-2025/com.netflix.mediaclient/versions,https://apkpure.com/netflix-android-2025/com.netflix.mediaclient/download/9.12.0%20build%201%2062662,actual_href_from_versions_page,9.12.0 build 1 62662,True,APKPure version/date/size; not official Google Play historical release data. Detail URL was read from APKPure page href.
Netflix,Android,"Netflix, Inc.",Entertainment,9.11.1 build 10 62654,"Apr 10, 2025",False,Unknown / not available from APKPure,XAPK,30.7 MB,30.7 MB,6K+,,"Apr 10, 2025",,,com.netflix.mediaclient,,"Android 9.0+ (P, API 28)",,arm64-v8a,,Trusted App,"Netflix, Inc.",,Netflix,Secure,,Download and install,"Netflix is a streaming app that delivers series, movies, documentaries, anime, and stand up on mobile. Download and install",New product feature,Version-specific note suggests: Download and install,version_specific_or_actionable,True,9.11.1 build 10 62654,"Apr 10, 2025",APKPure,https://apkpure.com/netflix-android-2025/com.netflix.mediaclient/versions,https://apkpure.com/netflix-android-2025/com.netflix.mediaclient/download/9.11.1%20build%2010%2062654,actual_href_from_versions_page,9.11.1 build 10 62654,True,APKPure version/date/size; not official Google Play historical release data. Detail URL was read from APKPure page href.
Netflix,Android,"Netflix, Inc.",Entertainment,9.8.1 build 5 62529,"Mar 24, 2025",False,Unknown / not available from APKPure,APK,145.0 MB,145.0 MB,2K+,,"Mar 24, 2025",,,com.netflix.mediaclient,,"Android 9.0+ (P, API 28)",,"arm64-v8a,armeabi-v7a,x86,x86_64",,Trusted App,"Netflix, Inc.",,Netflix,Secure,,Download and install,"Netflix is a streaming app that delivers series, movies, documentaries, anime, and stand up on mobile. Download and install",New product feature,Version-specific note suggests: Download and install,version_specific_or_actionable,True,9.8.1 build 5 62529,"Mar 24, 2025",APKPure,https://apkpure.com/netflix-android-2025/com.netflix.mediaclient/versions,https://apkpure.com/netflix-android-2025/com.netflix.mediaclient/download/9.8.1%20build%205%2062529,actual_href_from_versions_page,9.8.1 build 5 62529,True,APKPure version/date/size; not official Google Play historical release data. Detail URL was read from APKPure page href.
Netflix,Android,"Netflix, Inc.",Entertainment,9.7.0 build 5 62477,"Mar 16, 2025",False,Unknown / not available from APKPure,APK,144.9 MB,144.9 MB,2K+,,"Mar 16, 2025",,,com.netflix.mediaclient,,"Android 9.0+ (P, API 28)",,"arm64-v8a,armeabi-v7a,x86,x86_64",,Trusted App,"Netflix, Inc.",,Netflix,Secure,,Download and install,"Netflix is a streaming app that delivers series, movies, documentaries, anime, and stand up on mobile. Download and install",New product feature,Version-specific note suggests: Download and install,version_specific_or_actionable,True,9.7.0 build 5 62477,"Mar 16, 2025",APKPure,https://apkpure.com/netflix-android-2025/com.netflix.mediaclient/versions,https://apkpure.com/netflix-android-2025/com.netflix.mediaclient/download/9.7.0%20build%205%2062477,actual_href_from_versions_page,9.7.0 build 5 62477,True,APKPure version/date/size; not official Google Play historical release data. Detail URL was read from APKPure page href.
Netflix,Android,"Netflix, Inc.",Entertainment,9.10.0 build 10 62444,"Apr 9, 2025",False,Unknown / not available from APKPure,XAPK,43.8 MB,43.8 MB,1K+,,"Apr 9, 2025",,,com.netflix.mediaclient,,"Android 9.0+ (P, API 28)",,arm64-v8a,,Trusted App,J'avier R'oyer G'onzalez,,Netflix,,,Download and install,"Netflix is a streaming app that delivers series, movies, documentaries, anime, and stand up on mobile. Download and install",New product feature,Version-specific note suggests: Download and install,version_specific_or_actionable,True,9.10.0 build 10 62444,"Apr 9, 2025",APKPure,https://apkpure.com/netflix-android-2025/com.netflix.mediaclient/versions,https://apkpure.com/netflix-android-2025/com.netflix.mediaclient/download/9.10.0%20build%2010%2062444,actual_href_from_versions_page,9.10.0 build 10 62444,True,APKPure version/date/size; not official Google Play historical release data. Detail URL was read from APKPure page href.
Netflix,Android,"Netflix, Inc.",Entertainment,9.7.1 build 9 62328,"Mar 20, 2025",False,Unknown / not available from APKPure,XAPK,43.7 MB,43.7 MB,1K+,,"Mar 20, 2025",,,com.netflix.mediaclient,,"Android 9.0+ (P, API 28)",,arm64-v8a,,Trusted App,J'avier R'oyer G'onzalez,,Netflix,,,Download and install,"Netflix is a streaming app that delivers series, movies, documentaries, anime, and stand up on mobile. Download and install",New product feature,Version-specific note suggests: Download and install,version_specific_or_actionable,True,9.7.1 build 9 62328,"Mar 20, 2025",APKPure,https://apkpure.com/netflix-android-2025/com.netflix.mediaclient/versions,https://apkpure.com/netflix-android-2025/com.netflix.mediaclient/download/9.7.1%20build%209%2062328,actual_href_from_versions_page,9.7.1 build 9 62328,True,APKPure version/date/size; not official Google Play historical release data. Detail URL was read from APKPure page href.
Netflix,Android,"Netflix, Inc.",Entertainment,8.143.5 build 19 52400,"Apr 9, 2025",False,Unknown / not available from APKPure,APK,57.9 MB,57.9 MB,2K+,,"Apr 9, 2025",,,com.netflix.mediaclient,,"Android 7.0+ (N, API 24)",,"arm64-v8a,armeabi-v7a,x86,x86_64",,Trusted App,Hùng Phạm,,Netflix,,,Download and install,"Netflix is a streaming app that delivers series, movies, documentaries, anime, and stand up on mobile. Download and install",New product feature,Version-specific note suggests: Download and install,version_specific_or_actionable,True,8.143.5 build 19 52400,"Apr 9, 2025",APKPure,https://apkpure.com/netflix-android-2025/com.netflix.mediaclient/versions,https://apkpure.com/netflix-android-2025/com.netflix.mediaclient/download/8.143.5%20build%2019%2052400,actual_href_from_versions_page,8.143.5 build 19 52400,True,APKPure version/date/size; not official Google Play historical release data. Detail URL was read from APKPure page href.
Netflix,Android,"Netflix, Inc.",Entertainment,7.120.6 build 63 35594,"Apr 13, 2025",False,Unknown / not available from APKPure,XAPK,28.1 MB,28.1 MB,4K+,,"Apr 13, 2025",,,com.netflix.mediaclient,,"Android 5.0+ (Lollipop, API 21)",,arm64-v8a,,Trusted App,Hùng Phạm,,Netflix,,,Download and install,"Netflix is a streaming app that delivers series, movies, documentaries, anime, and stand up on mobile. Download and install",New product feature,Version-specific note suggests: Download and install,version_specific_or_actionable,True,7.120.6 build 63 35594,"Apr 13, 2025",APKPure,https://apkpure.com/netflix-android-2025/com.netflix.mediaclient/versions,https://apkpure.com/netflix-android-2025/com.netflix.mediaclient/download/7.120.6%20build%2063%2035594,actual_href_from_versions_page,7.120.6 build 63 35594,True,APKPure version/date/size; not official Google Play historical release data. Detail URL was read from APKPure page href.
Netflix,Android,"Netflix, Inc.",Entertainment,9.63.1 build 5 64213,"Apr 23, 2026",True,Unknown / not available from APKPure,APK,216.1 MB,24.5 MB,60K+,,"Apr 28, 2026",,,com.apkpure.aegon,,"Android 4.4+ (Kitkat, API 19)",,"arm64-v8a,armeabi-v7a",,24.5 MB,APKPure,,,,,,,Other,No version-specific update reason was provided by APKPure.,not_provided,False,3.20.6701,"Apr 28, 2026",APKPure,https://apkpure.com/netflix-android-2025/com.netflix.mediaclient/versions,https://apkpure.com/apkpure/com.apkpure.aegon/download/3.20.6701?utm_content=1012&icn=aegon&ici=version&from=version,actual_href_from_versions_page,3.20.6701,False,APKPure version/date/size; not official Google Play historical release data. Detail URL was read from APKPure page href. Warning: displayed version 9.63.1 build 5 64213 differs from detail URL slug 3.20.6701. Detail page version 3.20.6701 does not match displayed version 9.63.1 build 5 64213.
