app_name,platform,developer_company,app_category,version_number,version_release_date,is_current_version,initial_app_release_date,apk_format,file_size,detail_page_size,detail_page_downloads,detail_page_top_content_rating,detail_page_top_update_date,detail_page_security_ratio,detail_page_android_os,additional_app_latest_version,uploaded_by,package_name,languages,requires_android,content_rating,architecture,app_permissions_count,additional_app_category,security_report_label,security_scan_result,security_scan_date,update_description,update_description_raw,standardized_update_categories,standardized_summary,feature_specificity,feature_text_sufficient_for_research,detail_page_version,detail_page_update_date,version_history_source,version_history_source_url,detail_source_url,detail_url_source_method,detail_url_version_slug,detail_url_matches_displayed_version,source_note
Spotify,Android,Spotify AB,Music & Audio,9.1.44.2120,"May 1, 2026",True,October 2009,,127.8 MB,127.8 MB,,,"May 1, 2026",,,Trusted App,Spotify AB,com.spotify.music,,"Android 7.0+ (N, API 24)",,"arm64-v8a,armeabi-v7a,x86,x86_64",,,Spotify: Music and Podcasts,Secure,,,,Other,No version-specific update reason was provided by APKPure.,not_provided,False,,,APKPure,https://apkpure.com/spotify-music-and-podcasts-for-android-2025/com.spotify.music/versions,https://apkpure.com/spotify-music-and-podcasts-for-android-2025/com.spotify.music/download/9.1.44.2120,actual_href_from_versions_page,9.1.44.2120,True,APKPure version/date/size; not official Google Play historical release data. Detail URL was read from APKPure page href. Detail page What's New section could not be parsed.
Spotify,Android,Spotify AB,Music & Audio,9.1.44.2104,"Apr 27, 2026",False,October 2009,,127.8 MB,127.8 MB,,,"Apr 27, 2026",,,Trusted App,Spotify AB,com.spotify.music,,"Android 7.0+ (N, API 24)",,"arm64-v8a,armeabi-v7a,x86,x86_64",,,Spotify: Music and Podcasts,Secure,,,,Other,No version-specific update reason was provided by APKPure.,not_provided,False,,,APKPure,https://apkpure.com/spotify-music-and-podcasts-for-android-2025/com.spotify.music/versions,https://apkpure.com/spotify-music-and-podcasts-for-android-2025/com.spotify.music/download/9.1.44.2104,actual_href_from_versions_page,9.1.44.2104,True,APKPure version/date/size; not official Google Play historical release data. Detail URL was read from APKPure page href. Detail page What's New section could not be parsed.
Spotify,Android,Spotify AB,Music & Audio,9.1.42.2058,"Apr 22, 2026",False,October 2009,,126.8 MB,126.8 MB,,,"Apr 22, 2026",,,Trusted App,Spotify AB,com.spotify.music,,"Android 7.0+ (N, API 24)",,"arm64-v8a,armeabi-v7a,x86,x86_64",,,Spotify: Music and Podcasts,Secure,,,,Other,No version-specific update reason was provided by APKPure.,not_provided,False,,,APKPure,https://apkpure.com/spotify-music-and-podcasts-for-android-2025/com.spotify.music/versions,https://apkpure.com/spotify-music-and-podcasts-for-android-2025/com.spotify.music/download/9.1.42.2058,actual_href_from_versions_page,9.1.42.2058,True,APKPure version/date/size; not official Google Play historical release data. Detail URL was read from APKPure page href. Detail page What's New section could not be parsed.
Spotify,Android,Spotify AB,Music & Audio,9.1.42.2048,"Apr 20, 2026",False,October 2009,,126.7 MB,126.7 MB,,,"Apr 20, 2026",,,Trusted App,Spotify AB,com.spotify.music,,"Android 7.0+ (N, API 24)",,"arm64-v8a,armeabi-v7a,x86,x86_64",,,Spotify: Music and Podcasts,Secure,,,,Other,No version-specific update reason was provided by APKPure.,not_provided,False,,,APKPure,https://apkpure.com/spotify-music-and-podcasts-for-android-2025/com.spotify.music/versions,https://apkpure.com/spotify-music-and-podcasts-for-android-2025/com.spotify.music/download/9.1.42.2048,actual_href_from_versions_page,9.1.42.2048,True,APKPure version/date/size; not official Google Play historical release data. Detail URL was read from APKPure page href. Detail page What's New section could not be parsed.
Spotify,Android,Spotify AB,Music & Audio,9.1.40.1486,"Apr 15, 2026",False,October 2009,,123.4 MB,123.4 MB,,,"Apr 15, 2026",,,Trusted App,Dinatu Rondao,com.spotify.music,,"Android 7.0+ (N, API 24)",,"arm64-v8a,armeabi-v7a,x86,x86_64",,,Spotify: Music and Podcasts,Secure,,,,Other,No version-specific update reason was provided by APKPure.,not_provided,False,,,APKPure,https://apkpure.com/spotify-music-and-podcasts-for-android-2025/com.spotify.music/versions,https://apkpure.com/spotify-music-and-podcasts-for-android-2025/com.spotify.music/download/9.1.40.1486,actual_href_from_versions_page,9.1.40.1486,True,APKPure version/date/size; not official Google Play historical release data. Detail URL was read from APKPure page href. Detail page What's New section could not be parsed.
Spotify,Android,Spotify AB,Music & Audio,9.1.40.1473,"Apr 14, 2026",False,October 2009,,123.4 MB,123.4 MB,,,"Apr 14, 2026",,,Trusted App,Spotify AB,com.spotify.music,,"Android 7.0+ (N, API 24)",,"arm64-v8a,armeabi-v7a,x86,x86_64",,,Spotify: Music and Podcasts,Secure,,,,Other,No version-specific update reason was provided by APKPure.,not_provided,False,,,APKPure,https://apkpure.com/spotify-music-and-podcasts-for-android-2025/com.spotify.music/versions,https://apkpure.com/spotify-music-and-podcasts-for-android-2025/com.spotify.music/download/9.1.40.1473,actual_href_from_versions_page,9.1.40.1473,True,APKPure version/date/size; not official Google Play historical release data. Detail URL was read from APKPure page href. Detail page What's New section could not be parsed.
Spotify,Android,Spotify AB,Music & Audio,9.1.38.1610,"Apr 5, 2026",False,October 2009,,88.1 MB,88.1 MB,,,"Apr 5, 2026",,,Trusted App,Spotify AB,com.spotify.music,,"Android 7.0+ (N, API 24)",,"arm64-v8a,armeabi-v7a,x86,x86_64",,,Spotify: Music and Podcasts,Secure,,,,Other,No version-specific update reason was provided by APKPure.,not_provided,False,,,APKPure,https://apkpure.com/spotify-music-and-podcasts-for-android-2025/com.spotify.music/versions,https://apkpure.com/spotify-music-and-podcasts-for-android-2025/com.spotify.music/download/9.1.38.1610,actual_href_from_versions_page,9.1.38.1610,True,APKPure version/date/size; not official Google Play historical release data. Detail URL was read from APKPure page href. Detail page What's New section could not be parsed.
Spotify,Android,Spotify AB,Music & Audio,9.1.36.1948,"Apr 3, 2026",False,October 2009,,121.4 MB,121.4 MB,,,"Apr 3, 2026",,,Trusted App,Spotify AB,com.spotify.music,,"Android 7.0+ (N, API 24)",,"arm64-v8a,armeabi-v7a,x86,x86_64",,,Spotify: Music and Podcasts,Secure,,,,Other,No version-specific update reason was provided by APKPure.,not_provided,False,,,APKPure,https://apkpure.com/spotify-music-and-podcasts-for-android-2025/com.spotify.music/versions,https://apkpure.com/spotify-music-and-podcasts-for-android-2025/com.spotify.music/download/9.1.36.1948,actual_href_from_versions_page,9.1.36.1948,True,APKPure version/date/size; not official Google Play historical release data. Detail URL was read from APKPure page href. Detail page What's New section could not be parsed.
Spotify,Android,Spotify AB,Music & Audio,9.1.36.1945,"Mar 31, 2026",False,October 2009,,121.3 MB,121.3 MB,,,"Mar 31, 2026",,,Trusted App,Spotify AB,com.spotify.music,,"Android 7.0+ (N, API 24)",,"arm64-v8a,armeabi-v7a,x86,x86_64",,,Spotify: Music and Podcasts,Secure,,,,Other,No version-specific update reason was provided by APKPure.,not_provided,False,,,APKPure,https://apkpure.com/spotify-music-and-podcasts-for-android-2025/com.spotify.music/versions,https://apkpure.com/spotify-music-and-podcasts-for-android-2025/com.spotify.music/download/9.1.36.1945,actual_href_from_versions_page,9.1.36.1945,True,APKPure version/date/size; not official Google Play historical release data. Detail URL was read from APKPure page href. Detail page What's New section could not be parsed.
Spotify,Android,Spotify AB,Music & Audio,9.1.36.1938,"Mar 30, 2026",False,October 2009,,89.6 MB,89.6 MB,,,"Mar 30, 2026",,,Trusted App,Spotify AB,com.spotify.music,,"Android 7.0+ (N, API 24)",,"arm64-v8a,armeabi-v7a,x86,x86_64",,,Spotify: Music and Podcasts,Secure,,,,Other,No version-specific update reason was provided by APKPure.,not_provided,False,,,APKPure,https://apkpure.com/spotify-music-and-podcasts-for-android-2025/com.spotify.music/versions,https://apkpure.com/spotify-music-and-podcasts-for-android-2025/com.spotify.music/download/9.1.36.1938,actual_href_from_versions_page,9.1.36.1938,True,APKPure version/date/size; not official Google Play historical release data. Detail URL was read from APKPure page href. Detail page What's New section could not be parsed.
Spotify,Android,Spotify AB,Music & Audio,9.1.36.1937,"Mar 29, 2026",False,October 2009,,121.4 MB,121.4 MB,,,"Mar 29, 2026",,,Trusted App,Spotify AB,com.spotify.music,,"Android 7.0+ (N, API 24)",,"arm64-v8a,armeabi-v7a,x86,x86_64",,,Spotify: Music and Podcasts,Secure,,,,Other,No version-specific update reason was provided by APKPure.,not_provided,False,,,APKPure,https://apkpure.com/spotify-music-and-podcasts-for-android-2025/com.spotify.music/versions,https://apkpure.com/spotify-music-and-podcasts-for-android-2025/com.spotify.music/download/9.1.36.1937,actual_href_from_versions_page,9.1.36.1937,True,APKPure version/date/size; not official Google Play historical release data. Detail URL was read from APKPure page href. Detail page What's New section could not be parsed.
Spotify,Android,Spotify AB,Music & Audio,9.1.34.2060,"Mar 26, 2026",False,October 2009,,120.7 MB,120.7 MB,,,"Mar 26, 2026",,,Trusted App,Nguyễn Trần Thanh Duy,com.spotify.music,,"Android 7.0+ (N, API 24)",,"arm64-v8a,armeabi-v7a,x86,x86_64",,,Spotify: Music and Podcasts,,,,,Other,No version-specific update reason was provided by APKPure.,not_provided,False,,,APKPure,https://apkpure.com/spotify-music-and-podcasts-for-android-2025/com.spotify.music/versions,https://apkpure.com/spotify-music-and-podcasts-for-android-2025/com.spotify.music/download/9.1.34.2060,actual_href_from_versions_page,9.1.34.2060,True,APKPure version/date/size; not official Google Play historical release data. Detail URL was read from APKPure page href. Detail page What's New section could not be parsed.
Spotify,Android,Spotify AB,Music & Audio,9.1.32.2083,"Mar 19, 2026",False,October 2009,,76.0 MB,76.0 MB,,,"Mar 19, 2026",,,Trusted App,Mohamed Wael,com.spotify.music,,"Android 7.0+ (N, API 24)",,arm64-v8a,,,Spotify: Music and Podcasts,Secure,,,,Other,No version-specific update reason was provided by APKPure.,not_provided,False,,,APKPure,https://apkpure.com/spotify-music-and-podcasts-for-android-2025/com.spotify.music/versions,https://apkpure.com/spotify-music-and-podcasts-for-android-2025/com.spotify.music/download/9.1.32.2083,actual_href_from_versions_page,9.1.32.2083,True,APKPure version/date/size; not official Google Play historical release data. Detail URL was read from APKPure page href. Detail page What's New section could not be parsed.
Spotify,Android,Spotify AB,Music & Audio,9.1.32.2058,"Mar 18, 2026",False,October 2009,,119.5 MB,119.5 MB,,,"Mar 18, 2026",,,Trusted App,Spotify AB,com.spotify.music,,"Android 7.0+ (N, API 24)",,"arm64-v8a,armeabi-v7a,x86,x86_64",,,Spotify: Music and Podcasts,Secure,,,,Other,No version-specific update reason was provided by APKPure.,not_provided,False,,,APKPure,https://apkpure.com/spotify-music-and-podcasts-for-android-2025/com.spotify.music/versions,https://apkpure.com/spotify-music-and-podcasts-for-android-2025/com.spotify.music/download/9.1.32.2058,actual_href_from_versions_page,9.1.32.2058,True,APKPure version/date/size; not official Google Play historical release data. Detail URL was read from APKPure page href. Detail page What's New section could not be parsed.
Spotify,Android,Spotify AB,Music & Audio,9.1.30.1993,"Mar 13, 2026",False,October 2009,,118.6 MB,118.6 MB,,,"Mar 13, 2026",,,Trusted App,Dinatu Rondao,com.spotify.music,,"Android 7.0+ (N, API 24)",,"arm64-v8a,armeabi-v7a,x86,x86_64",,,Spotify: Music and Podcasts,Secure,,,,Other,No version-specific update reason was provided by APKPure.,not_provided,False,,,APKPure,https://apkpure.com/spotify-music-and-podcasts-for-android-2025/com.spotify.music/versions,https://apkpure.com/spotify-music-and-podcasts-for-android-2025/com.spotify.music/download/9.1.30.1993,actual_href_from_versions_page,9.1.30.1993,True,APKPure version/date/size; not official Google Play historical release data. Detail URL was read from APKPure page href. Detail page What's New section could not be parsed.
Spotify,Android,Spotify AB,Music & Audio,9.1.28.2252,"Mar 5, 2026",False,October 2009,,113.0 MB,113.0 MB,,,"Mar 5, 2026",,,Trusted App,Mateusz Kucharski,com.spotify.music,,"Android 7.0+ (N, API 24)",,arm64-v8a,,,Spotify: Music and Podcasts,Secure,,,,Other,No version-specific update reason was provided by APKPure.,not_provided,False,,,APKPure,https://apkpure.com/spotify-music-and-podcasts-for-android-2025/com.spotify.music/versions,https://apkpure.com/spotify-music-and-podcasts-for-android-2025/com.spotify.music/download/9.1.28.2252,actual_href_from_versions_page,9.1.28.2252,True,APKPure version/date/size; not official Google Play historical release data. Detail URL was read from APKPure page href. Detail page What's New section could not be parsed.
Spotify,Android,Spotify AB,Music & Audio,9.1.28.2249,"Mar 4, 2026",False,October 2009,,118.6 MB,118.6 MB,,,"Mar 4, 2026",,,Trusted App,Spotify AB,com.spotify.music,,"Android 7.0+ (N, API 24)",,"arm64-v8a,armeabi-v7a,x86,x86_64",,,Spotify: Music and Podcasts,Secure,,,,Other,No version-specific update reason was provided by APKPure.,not_provided,False,,,APKPure,https://apkpure.com/spotify-music-and-podcasts-for-android-2025/com.spotify.music/versions,https://apkpure.com/spotify-music-and-podcasts-for-android-2025/com.spotify.music/download/9.1.28.2249,actual_href_from_versions_page,9.1.28.2249,True,APKPure version/date/size; not official Google Play historical release data. Detail URL was read from APKPure page href. Detail page What's New section could not be parsed.
Spotify,Android,Spotify AB,Music & Audio,9.1.26.2265,"Feb 21, 2026",False,October 2009,,118.0 MB,118.0 MB,,,"Feb 21, 2026",,,Trusted App,Spotify AB,com.spotify.music,,"Android 7.0+ (N, API 24)",,"arm64-v8a,armeabi-v7a,x86,x86_64",,,Spotify: Music and Podcasts,Secure,,,,Other,No version-specific update reason was provided by APKPure.,not_provided,False,,,APKPure,https://apkpure.com/spotify-music-and-podcasts-for-android-2025/com.spotify.music/versions,https://apkpure.com/spotify-music-and-podcasts-for-android-2025/com.spotify.music/download/9.1.26.2265,actual_href_from_versions_page,9.1.26.2265,True,APKPure version/date/size; not official Google Play historical release data. Detail URL was read from APKPure page href. Detail page What's New section could not be parsed.
Spotify,Android,Spotify AB,Music & Audio,9.1.24.1739,"Feb 19, 2026",False,October 2009,,116.9 MB,116.9 MB,,,"Feb 19, 2026",,,Trusted App,Spotify AB,com.spotify.music,,"Android 7.0+ (N, API 24)",,"arm64-v8a,armeabi-v7a,x86,x86_64",,,Spotify: Music and Podcasts,Secure,,,,Other,No version-specific update reason was provided by APKPure.,not_provided,False,,,APKPure,https://apkpure.com/spotify-music-and-podcasts-for-android-2025/com.spotify.music/versions,https://apkpure.com/spotify-music-and-podcasts-for-android-2025/com.spotify.music/download/9.1.24.1739,actual_href_from_versions_page,9.1.24.1739,True,APKPure version/date/size; not official Google Play historical release data. Detail URL was read from APKPure page href. Detail page What's New section could not be parsed.
Spotify,Android,Spotify AB,Music & Audio,9.1.22.1630,"Feb 11, 2026",False,October 2009,,116.4 MB,116.4 MB,,,"Feb 11, 2026",,,Trusted App,王艺冉,com.spotify.music,,"Android 7.0+ (N, API 24)",,"arm64-v8a,armeabi-v7a,x86,x86_64",,,Spotify: Music and Podcasts,Secure,,,,Other,No version-specific update reason was provided by APKPure.,not_provided,False,,,APKPure,https://apkpure.com/spotify-music-and-podcasts-for-android-2025/com.spotify.music/versions,https://apkpure.com/spotify-music-and-podcasts-for-android-2025/com.spotify.music/download/9.1.22.1630,actual_href_from_versions_page,9.1.22.1630,True,APKPure version/date/size; not official Google Play historical release data. Detail URL was read from APKPure page href. Detail page What's New section could not be parsed.
Spotify,Android,Spotify AB,Music & Audio,9.1.20.1452,"Feb 5, 2026",False,October 2009,,115.3 MB,115.3 MB,,,"Feb 5, 2026",,,Trusted App,Cida Paula,com.spotify.music,,"Android 7.0+ (N, API 24)",,"arm64-v8a,armeabi-v7a,x86,x86_64",,,Spotify: Music and Podcasts,Secure,,,,Other,No version-specific update reason was provided by APKPure.,not_provided,False,,,APKPure,https://apkpure.com/spotify-music-and-podcasts-for-android-2025/com.spotify.music/versions,https://apkpure.com/spotify-music-and-podcasts-for-android-2025/com.spotify.music/download/9.1.20.1452,actual_href_from_versions_page,9.1.20.1452,True,APKPure version/date/size; not official Google Play historical release data. Detail URL was read from APKPure page href. Detail page What's New section could not be parsed.
Spotify,Android,Spotify AB,Music & Audio,9.1.20.277,"Jan 25, 2026",False,October 2009,,44.2 MB,44.2 MB,,,"Jan 25, 2026",,,Trusted App,Spotify AB,com.spotify.music,,"Android 7.0+ (N, API 24)",,arm64-v8a,,,Spotify: Music and Podcasts,Secure,,,,Other,No version-specific update reason was provided by APKPure.,not_provided,False,,,APKPure,https://apkpure.com/spotify-music-and-podcasts-for-android-2025/com.spotify.music/versions,https://apkpure.com/spotify-music-and-podcasts-for-android-2025/com.spotify.music/download/9.1.20.277,actual_href_from_versions_page,9.1.20.277,True,APKPure version/date/size; not official Google Play historical release data. Detail URL was read from APKPure page href. Detail page What's New section could not be parsed.
Spotify,Android,Spotify AB,Music & Audio,9.1.18.1504,"Jan 30, 2026",False,October 2009,,72.4 MB,72.4 MB,,,"Jan 30, 2026",,,Trusted App,Mateusz Kucharski,com.spotify.music,,"Android 7.0+ (N, API 24)",,arm64-v8a,,,Spotify: Music and Podcasts,,,,,Other,No version-specific update reason was provided by APKPure.,not_provided,False,,,APKPure,https://apkpure.com/spotify-music-and-podcasts-for-android-2025/com.spotify.music/versions,https://apkpure.com/spotify-music-and-podcasts-for-android-2025/com.spotify.music/download/9.1.18.1504,actual_href_from_versions_page,9.1.18.1504,True,APKPure version/date/size; not official Google Play historical release data. Detail URL was read from APKPure page href. Detail page What's New section could not be parsed.
Spotify,Android,Spotify AB,Music & Audio,9.1.16.1450,"Jan 21, 2026",False,October 2009,,72.3 MB,72.3 MB,,,"Jan 21, 2026",,,Trusted App,Nguyễn Trần Thanh Duy,com.spotify.music,,"Android 7.0+ (N, API 24)",,arm64-v8a,,,Spotify: Music and Podcasts,,,,,Other,No version-specific update reason was provided by APKPure.,not_provided,False,,,APKPure,https://apkpure.com/spotify-music-and-podcasts-for-android-2025/com.spotify.music/versions,https://apkpure.com/spotify-music-and-podcasts-for-android-2025/com.spotify.music/download/9.1.16.1450,actual_href_from_versions_page,9.1.16.1450,True,APKPure version/date/size; not official Google Play historical release data. Detail URL was read from APKPure page href. Detail page What's New section could not be parsed.
Spotify,Android,Spotify AB,Music & Audio,9.1.16.1435,"Jan 20, 2026",False,October 2009,,114.6 MB,114.6 MB,,,"Jan 20, 2026",,,Trusted App,Spotify AB,com.spotify.music,,"Android 7.0+ (N, API 24)",,"arm64-v8a,armeabi-v7a,x86,x86_64",,,Spotify: Music and Podcasts,Secure,,,,Other,No version-specific update reason was provided by APKPure.,not_provided,False,,,APKPure,https://apkpure.com/spotify-music-and-podcasts-for-android-2025/com.spotify.music/versions,https://apkpure.com/spotify-music-and-podcasts-for-android-2025/com.spotify.music/download/9.1.16.1435,actual_href_from_versions_page,9.1.16.1435,True,APKPure version/date/size; not official Google Play historical release data. Detail URL was read from APKPure page href. Detail page What's New section could not be parsed.
Spotify,Android,Spotify AB,Music & Audio,9.1.14.864,"Jan 13, 2026",False,October 2009,,120.7 MB,120.7 MB,,,"Jan 13, 2026",,,Trusted App,Cida Paula,com.spotify.music,,"Android 7.0+ (N, API 24)",,"arm64-v8a,armeabi-v7a,x86,x86_64",,,Spotify: Music and Podcasts,Secure,,,,Other,No version-specific update reason was provided by APKPure.,not_provided,False,,,APKPure,https://apkpure.com/spotify-music-and-podcasts-for-android-2025/com.spotify.music/versions,https://apkpure.com/spotify-music-and-podcasts-for-android-2025/com.spotify.music/download/9.1.14.864,actual_href_from_versions_page,9.1.14.864,True,APKPure version/date/size; not official Google Play historical release data. Detail URL was read from APKPure page href. Detail page What's New section could not be parsed.
Spotify,Android,Spotify AB,Music & Audio,9.1.14.849,"Jan 11, 2026",False,October 2009,,120.7 MB,120.7 MB,,,"Jan 11, 2026",,,Trusted App,Spotify AB,com.spotify.music,,"Android 7.0+ (N, API 24)",,"arm64-v8a,armeabi-v7a,x86,x86_64",,,Spotify: Music and Podcasts,Secure,,,,Other,No version-specific update reason was provided by APKPure.,not_provided,False,,,APKPure,https://apkpure.com/spotify-music-and-podcasts-for-android-2025/com.spotify.music/versions,https://apkpure.com/spotify-music-and-podcasts-for-android-2025/com.spotify.music/download/9.1.14.849,actual_href_from_versions_page,9.1.14.849,True,APKPure version/date/size; not official Google Play historical release data. Detail URL was read from APKPure page href. Detail page What's New section could not be parsed.
Spotify,Android,Spotify AB,Music & Audio,9.1.12.226,"Jan 8, 2026",False,October 2009,,76.8 MB,76.8 MB,,,"Jan 8, 2026",,,Trusted App,王艺冉,com.spotify.music,,"Android 7.0+ (N, API 24)",,arm64-v8a,,,Spotify: Music and Podcasts,Secure,,,,Other,No version-specific update reason was provided by APKPure.,not_provided,False,,,APKPure,https://apkpure.com/spotify-music-and-podcasts-for-android-2025/com.spotify.music/versions,https://apkpure.com/spotify-music-and-podcasts-for-android-2025/com.spotify.music/download/9.1.12.226,actual_href_from_versions_page,9.1.12.226,True,APKPure version/date/size; not official Google Play historical release data. Detail URL was read from APKPure page href. Detail page What's New section could not be parsed.
Spotify,Android,Spotify AB,Music & Audio,9.1.6.1145,"Dec 22, 2025",False,October 2009,,120.1 MB,120.1 MB,,,"Dec 22, 2025",,,Trusted App,Avto Chaghalidze,com.spotify.music,,"Android 7.0+ (N, API 24)",,"arm64-v8a,armeabi-v7a,x86,x86_64",,,Spotify: Music and Podcasts,Secure,,,,Other,No version-specific update reason was provided by APKPure.,not_provided,False,,,APKPure,https://apkpure.com/spotify-music-and-podcasts-for-android-2025/com.spotify.music/versions,https://apkpure.com/spotify-music-and-podcasts-for-android-2025/com.spotify.music/download/9.1.6.1145,actual_href_from_versions_page,9.1.6.1145,True,APKPure version/date/size; not official Google Play historical release data. Detail URL was read from APKPure page href. Detail page What's New section could not be parsed.
Spotify,Android,Spotify AB,Music & Audio,9.1.6.1139,"Dec 16, 2025",False,October 2009,,120.3 MB,120.3 MB,,,"Dec 16, 2025",,,Trusted App,Spotify AB,com.spotify.music,,"Android 7.0+ (N, API 24)",,"arm64-v8a,armeabi-v7a,x86,x86_64",,,Spotify: Music and Podcasts,Secure,,,,Other,No version-specific update reason was provided by APKPure.,not_provided,False,,,APKPure,https://apkpure.com/spotify-music-and-podcasts-for-android-2025/com.spotify.music/versions,https://apkpure.com/spotify-music-and-podcasts-for-android-2025/com.spotify.music/download/9.1.6.1139,actual_href_from_versions_page,9.1.6.1139,True,APKPure version/date/size; not official Google Play historical release data. Detail URL was read from APKPure page href. Detail page What's New section could not be parsed.
Spotify,Android,Spotify AB,Music & Audio,9.1.6.1137,"Dec 16, 2025",False,October 2009,,120.2 MB,120.2 MB,,,"Dec 16, 2025",,,Trusted App,Spotify AB,com.spotify.music,,"Android 7.0+ (N, API 24)",,"arm64-v8a,armeabi-v7a,x86,x86_64",,,Spotify: Music and Podcasts,Secure,,,,Other,No version-specific update reason was provided by APKPure.,not_provided,False,,,APKPure,https://apkpure.com/spotify-music-and-podcasts-for-android-2025/com.spotify.music/versions,https://apkpure.com/spotify-music-and-podcasts-for-android-2025/com.spotify.music/download/9.1.6.1137,actual_href_from_versions_page,9.1.6.1137,True,APKPure version/date/size; not official Google Play historical release data. Detail URL was read from APKPure page href. Detail page What's New section could not be parsed.
Spotify,Android,Spotify AB,Music & Audio,9.1.4.1171,"Dec 12, 2025",False,October 2009,,119.5 MB,119.5 MB,,,"Dec 12, 2025",,,Trusted App,王艺冉,com.spotify.music,,"Android 7.0+ (N, API 24)",,"arm64-v8a,armeabi-v7a,x86,x86_64",,,Spotify: Music and Podcasts,,,,,Other,No version-specific update reason was provided by APKPure.,not_provided,False,,,APKPure,https://apkpure.com/spotify-music-and-podcasts-for-android-2025/com.spotify.music/versions,https://apkpure.com/spotify-music-and-podcasts-for-android-2025/com.spotify.music/download/9.1.4.1171,actual_href_from_versions_page,9.1.4.1171,True,APKPure version/date/size; not official Google Play historical release data. Detail URL was read from APKPure page href. Detail page What's New section could not be parsed.
Spotify,Android,Spotify AB,Music & Audio,9.1.2.1253,"Dec 4, 2025",False,October 2009,,119.4 MB,119.4 MB,,,"Dec 4, 2025",,,Trusted App,Spotify AB,com.spotify.music,,"Android 7.0+ (N, API 24)",,"arm64-v8a,armeabi-v7a,x86,x86_64",,,Spotify: Music and Podcasts,Secure,,,,Other,No version-specific update reason was provided by APKPure.,not_provided,False,,,APKPure,https://apkpure.com/spotify-music-and-podcasts-for-android-2025/com.spotify.music/versions,https://apkpure.com/spotify-music-and-podcasts-for-android-2025/com.spotify.music/download/9.1.2.1253,actual_href_from_versions_page,9.1.2.1253,True,APKPure version/date/size; not official Google Play historical release data. Detail URL was read from APKPure page href. Detail page What's New section could not be parsed.
Spotify,Android,Spotify AB,Music & Audio,9.1.2.833,"Nov 27, 2025",False,October 2009,,44.5 MB,44.5 MB,,,"Nov 27, 2025",,,Trusted App,Spotify AB,com.spotify.music,,"Android 7.0+ (N, API 24)",,arm64-v8a,,,Spotify: Music and Podcasts,Secure,,,,Other,No version-specific update reason was provided by APKPure.,not_provided,False,,,APKPure,https://apkpure.com/spotify-music-and-podcasts-for-android-2025/com.spotify.music/versions,https://apkpure.com/spotify-music-and-podcasts-for-android-2025/com.spotify.music/download/9.1.2.833,actual_href_from_versions_page,9.1.2.833,True,APKPure version/date/size; not official Google Play historical release data. Detail URL was read from APKPure page href. Detail page What's New section could not be parsed.
Spotify,Android,Spotify AB,Music & Audio,9.1.0.1147,"Nov 28, 2025",False,October 2009,,75.9 MB,75.9 MB,,,"Nov 28, 2025",,,Trusted App,王艺冉,com.spotify.music,,"Android 7.0+ (N, API 24)",,arm64-v8a,,,Spotify: Music and Podcasts,,,,,Other,No version-specific update reason was provided by APKPure.,not_provided,False,,,APKPure,https://apkpure.com/spotify-music-and-podcasts-for-android-2025/com.spotify.music/versions,https://apkpure.com/spotify-music-and-podcasts-for-android-2025/com.spotify.music/download/9.1.0.1147,actual_href_from_versions_page,9.1.0.1147,True,APKPure version/date/size; not official Google Play historical release data. Detail URL was read from APKPure page href. Detail page What's New section could not be parsed.
Spotify,Android,Spotify AB,Music & Audio,9.0.98.1187,"Nov 26, 2025",False,October 2009,,75.7 MB,75.7 MB,,,"Nov 26, 2025",,,Trusted App,Mateusz Kucharski,com.spotify.music,,"Android 7.0+ (N, API 24)",,arm64-v8a,,,Spotify: Music and Podcasts,Secure,,,,Other,No version-specific update reason was provided by APKPure.,not_provided,False,,,APKPure,https://apkpure.com/spotify-music-and-podcasts-for-android-2025/com.spotify.music/versions,https://apkpure.com/spotify-music-and-podcasts-for-android-2025/com.spotify.music/download/9.0.98.1187,actual_href_from_versions_page,9.0.98.1187,True,APKPure version/date/size; not official Google Play historical release data. Detail URL was read from APKPure page href. Detail page What's New section could not be parsed.
Spotify,Android,Spotify AB,Music & Audio,9.0.98.261,"Nov 10, 2025",False,October 2009,,44.1 MB,44.1 MB,,,"Nov 10, 2025",,,Trusted App,Spotify AB,com.spotify.music,,"Android 7.0+ (N, API 24)",,arm64-v8a,,,Spotify: Music and Podcasts,Secure,,,,Other,No version-specific update reason was provided by APKPure.,not_provided,False,,,APKPure,https://apkpure.com/spotify-music-and-podcasts-for-android-2025/com.spotify.music/versions,https://apkpure.com/spotify-music-and-podcasts-for-android-2025/com.spotify.music/download/9.0.98.261,actual_href_from_versions_page,9.0.98.261,True,APKPure version/date/size; not official Google Play historical release data. Detail URL was read from APKPure page href. Detail page What's New section could not be parsed.
Spotify,Android,Spotify AB,Music & Audio,9.0.96.826,"Nov 17, 2025",False,October 2009,,75.1 MB,75.1 MB,,,"Nov 17, 2025",,,Trusted App,Mateusz Kucharski,com.spotify.music,,"Android 7.0+ (N, API 24)",,arm64-v8a,,,Spotify: Music and Podcasts,,,,,Other,No version-specific update reason was provided by APKPure.,not_provided,False,,,APKPure,https://apkpure.com/spotify-music-and-podcasts-for-android-2025/com.spotify.music/versions,https://apkpure.com/spotify-music-and-podcasts-for-android-2025/com.spotify.music/download/9.0.96.826,actual_href_from_versions_page,9.0.96.826,True,APKPure version/date/size; not official Google Play historical release data. Detail URL was read from APKPure page href. Detail page What's New section could not be parsed.
Spotify,Android,Spotify AB,Music & Audio,9.0.96.648,"Nov 6, 2025",False,October 2009,,43.6 MB,43.6 MB,,,"Nov 6, 2025",,,Trusted App,Spotify AB,com.spotify.music,,"Android 7.0+ (N, API 24)",,arm64-v8a,,,Spotify: Music and Podcasts,Secure,,,,Other,No version-specific update reason was provided by APKPure.,not_provided,False,,,APKPure,https://apkpure.com/spotify-music-and-podcasts-for-android-2025/com.spotify.music/versions,https://apkpure.com/spotify-music-and-podcasts-for-android-2025/com.spotify.music/download/9.0.96.648,actual_href_from_versions_page,9.0.96.648,True,APKPure version/date/size; not official Google Play historical release data. Detail URL was read from APKPure page href. Detail page What's New section could not be parsed.
Spotify,Android,Spotify AB,Music & Audio,9.0.94.274,"Nov 5, 2025",False,October 2009,,109.6 MB,109.6 MB,,,"Nov 5, 2025",,,Trusted App,Mateusz Kucharski,com.spotify.music,,"Android 7.0+ (N, API 24)",,"arm64-v8a,armeabi-v7a,x86,x86_64",,,Spotify: Music and Podcasts,Secure,,,,Other,No version-specific update reason was provided by APKPure.,not_provided,False,,,APKPure,https://apkpure.com/spotify-music-and-podcasts-for-android-2025/com.spotify.music/versions,https://apkpure.com/spotify-music-and-podcasts-for-android-2025/com.spotify.music/download/9.0.94.274,actual_href_from_versions_page,9.0.94.274,True,APKPure version/date/size; not official Google Play historical release data. Detail URL was read from APKPure page href. Detail page What's New section could not be parsed.
Spotify,Android,Spotify AB,Music & Audio,9.0.92.1259,"Oct 29, 2025",False,October 2009,,110.0 MB,110.0 MB,,,"Oct 29, 2025",,,Trusted App,Spotify AB,com.spotify.music,,"Android 7.0+ (N, API 24)",,"arm64-v8a,armeabi-v7a,x86,x86_64",,,Spotify: Music and Podcasts,Secure,,,,Other,No version-specific update reason was provided by APKPure.,not_provided,False,,,APKPure,https://apkpure.com/spotify-music-and-podcasts-for-android-2025/com.spotify.music/versions,https://apkpure.com/spotify-music-and-podcasts-for-android-2025/com.spotify.music/download/9.0.92.1259,actual_href_from_versions_page,9.0.92.1259,True,APKPure version/date/size; not official Google Play historical release data. Detail URL was read from APKPure page href. Detail page What's New section could not be parsed.
Spotify,Android,Spotify AB,Music & Audio,9.0.92.200,"Oct 19, 2025",False,October 2009,,44.9 MB,44.9 MB,,,"Oct 19, 2025",,,Trusted App,Spotify AB,com.spotify.music,,"Android 7.0+ (N, API 24)",,arm64-v8a,,,Spotify: Music and Podcasts,Secure,,,,Other,No version-specific update reason was provided by APKPure.,not_provided,False,,,APKPure,https://apkpure.com/spotify-music-and-podcasts-for-android-2025/com.spotify.music/versions,https://apkpure.com/spotify-music-and-podcasts-for-android-2025/com.spotify.music/download/9.0.92.200,actual_href_from_versions_page,9.0.92.200,True,APKPure version/date/size; not official Google Play historical release data. Detail URL was read from APKPure page href. Detail page What's New section could not be parsed.
Spotify,Android,Spotify AB,Music & Audio,9.0.90.1229,"Oct 23, 2025",False,October 2009,,114.4 MB,114.4 MB,,,"Oct 23, 2025",,,Trusted App,Nguyễn Trần Thanh Duy,com.spotify.music,,"Android 7.0+ (N, API 24)",,"arm64-v8a,armeabi-v7a,x86,x86_64",,,Spotify: Music and Podcasts,,,,,Other,No version-specific update reason was provided by APKPure.,not_provided,False,,,APKPure,https://apkpure.com/spotify-music-and-podcasts-for-android-2025/com.spotify.music/versions,https://apkpure.com/spotify-music-and-podcasts-for-android-2025/com.spotify.music/download/9.0.90.1229,actual_href_from_versions_page,9.0.90.1229,True,APKPure version/date/size; not official Google Play historical release data. Detail URL was read from APKPure page href. Detail page What's New section could not be parsed.
Spotify,Android,Spotify AB,Music & Audio,9.0.86.1358,"Oct 9, 2025",False,October 2009,,111.0 MB,111.0 MB,,,"Oct 9, 2025",,,Trusted App,Nguyễn Trần Thanh Duy,com.spotify.music,,"Android 7.0+ (N, API 24)",,"arm64-v8a,armeabi-v7a,x86,x86_64",,,Spotify: Music and Podcasts,Secure,,,,Other,No version-specific update reason was provided by APKPure.,not_provided,False,,,APKPure,https://apkpure.com/spotify-music-and-podcasts-for-android-2025/com.spotify.music/versions,https://apkpure.com/spotify-music-and-podcasts-for-android-2025/com.spotify.music/download/9.0.86.1358,actual_href_from_versions_page,9.0.86.1358,True,APKPure version/date/size; not official Google Play historical release data. Detail URL was read from APKPure page href. Detail page What's New section could not be parsed.
Spotify,Android,Spotify AB,Music & Audio,9.0.84.1340,"Oct 3, 2025",False,October 2009,,110.6 MB,110.6 MB,,,"Oct 3, 2025",,,110.6 MB,Dinatu Rondao,com.spotify.music,,"Android 7.0+ (N, API 24)",,"arm64-v8a,armeabi-v7a,x86,x86_64",,,,,,,,Other,No version-specific update reason was provided by APKPure.,not_provided,False,,,APKPure,https://apkpure.com/spotify-music-and-podcasts-for-android-2025/com.spotify.music/versions,https://apkpure.com/spotify-music-and-podcasts-for-android-2025/com.spotify.music/download/9.0.84.1340,actual_href_from_versions_page,9.0.84.1340,True,APKPure version/date/size; not official Google Play historical release data. Detail URL was read from APKPure page href. Detail page What's New section could not be parsed.
Spotify,Android,Spotify AB,Music & Audio,9.0.84.1338,"Oct 1, 2025",False,October 2009,,110.6 MB,110.6 MB,,,"Oct 1, 2025",,,110.6 MB,王艺冉,com.spotify.music,,"Android 7.0+ (N, API 24)",,"arm64-v8a,armeabi-v7a,x86,x86_64",,,,,,,,Other,No version-specific update reason was provided by APKPure.,not_provided,False,,,APKPure,https://apkpure.com/spotify-music-and-podcasts-for-android-2025/com.spotify.music/versions,https://apkpure.com/spotify-music-and-podcasts-for-android-2025/com.spotify.music/download/9.0.84.1338,actual_href_from_versions_page,9.0.84.1338,True,APKPure version/date/size; not official Google Play historical release data. Detail URL was read from APKPure page href. Detail page What's New section could not be parsed.
Spotify,Android,Spotify AB,Music & Audio,9.0.82.1032,"Sep 26, 2025",False,October 2009,,110.5 MB,110.5 MB,,,"Sep 26, 2025",,,Trusted App,Mateusz Kucharski,com.spotify.music,,"Android 7.0+ (N, API 24)",,"arm64-v8a,armeabi-v7a,x86,x86_64",,,Spotify: Music and Podcasts,,,,,Other,No version-specific update reason was provided by APKPure.,not_provided,False,,,APKPure,https://apkpure.com/spotify-music-and-podcasts-for-android-2025/com.spotify.music/versions,https://apkpure.com/spotify-music-and-podcasts-for-android-2025/com.spotify.music/download/9.0.82.1032,actual_href_from_versions_page,9.0.82.1032,True,APKPure version/date/size; not official Google Play historical release data. Detail URL was read from APKPure page href. Detail page What's New section could not be parsed.
Spotify,Android,Spotify AB,Music & Audio,9.0.76.1126,"Sep 4, 2025",False,October 2009,,110.2 MB,110.2 MB,,,"Sep 4, 2025",,,Trusted App,Dinatu Rondao,com.spotify.music,,"Android 7.0+ (N, API 24)",,"arm64-v8a,armeabi-v7a,x86,x86_64",,,Spotify: Music and Podcasts,,,,,Other,No version-specific update reason was provided by APKPure.,not_provided,False,,,APKPure,https://apkpure.com/spotify-music-and-podcasts-for-android-2025/com.spotify.music/versions,https://apkpure.com/spotify-music-and-podcasts-for-android-2025/com.spotify.music/download/9.0.76.1126,actual_href_from_versions_page,9.0.76.1126,True,APKPure version/date/size; not official Google Play historical release data. Detail URL was read from APKPure page href. Detail page What's New section could not be parsed.
Spotify,Android,Spotify AB,Music & Audio,9.0.74.1121,"Aug 26, 2025",False,October 2009,,67.9 MB,67.9 MB,,,"Aug 26, 2025",,,Trusted App,王艺冉,com.spotify.music,,"Android 7.0+ (N, API 24)",,arm64-v8a,,,Spotify: Music and Podcasts,Secure,,,,Other,No version-specific update reason was provided by APKPure.,not_provided,False,,,APKPure,https://apkpure.com/spotify-music-and-podcasts-for-android-2025/com.spotify.music/versions,https://apkpure.com/spotify-music-and-podcasts-for-android-2025/com.spotify.music/download/9.0.74.1121,actual_href_from_versions_page,9.0.74.1121,True,APKPure version/date/size; not official Google Play historical release data. Detail URL was read from APKPure page href. Detail page What's New section could not be parsed.
Spotify,Android,Spotify AB,Music & Audio,9.0.68.632,"Aug 7, 2025",False,October 2009,,108.0 MB,108.0 MB,,,"Aug 7, 2025",,,Trusted App,Mateusz Kucharski,com.spotify.music,,"Android 7.0+ (N, API 24)",,"arm64-v8a,armeabi-v7a,x86,x86_64",,,Spotify: Music and Podcasts,Secure,,,,Other,No version-specific update reason was provided by APKPure.,not_provided,False,,,APKPure,https://apkpure.com/spotify-music-and-podcasts-for-android-2025/com.spotify.music/versions,https://apkpure.com/spotify-music-and-podcasts-for-android-2025/com.spotify.music/download/9.0.68.632,actual_href_from_versions_page,9.0.68.632,True,APKPure version/date/size; not official Google Play historical release data. Detail URL was read from APKPure page href. Detail page What's New section could not be parsed.
Spotify,Android,Spotify AB,Music & Audio,9.0.66.655,"Jul 30, 2025",False,October 2009,,107.6 MB,107.6 MB,,,"Jul 30, 2025",,,Trusted App,Cida Paula,com.spotify.music,,"Android 7.0+ (N, API 24)",,"arm64-v8a,armeabi-v7a,x86,x86_64",,,Spotify: Music and Podcasts,,,,,Other,No version-specific update reason was provided by APKPure.,not_provided,False,,,APKPure,https://apkpure.com/spotify-music-and-podcasts-for-android-2025/com.spotify.music/versions,https://apkpure.com/spotify-music-and-podcasts-for-android-2025/com.spotify.music/download/9.0.66.655,actual_href_from_versions_page,9.0.66.655,True,APKPure version/date/size; not official Google Play historical release data. Detail URL was read from APKPure page href. Detail page What's New section could not be parsed.
Spotify,Android,Spotify AB,Music & Audio,9.0.64.107,"Jul 18, 2025",False,October 2009,,106.6 MB,106.6 MB,,,"Jul 18, 2025",,,Trusted App,Spotify AB,com.spotify.music,,"Android 7.0+ (N, API 24)",,"arm64-v8a,armeabi-v7a,x86,x86_64",,,Spotify: Music and Podcasts,Secure,,,,Other,No version-specific update reason was provided by APKPure.,not_provided,False,,,APKPure,https://apkpure.com/spotify-music-and-podcasts-for-android-2025/com.spotify.music/versions,https://apkpure.com/spotify-music-and-podcasts-for-android-2025/com.spotify.music/download/9.0.64.107,actual_href_from_versions_page,9.0.64.107,True,APKPure version/date/size; not official Google Play historical release data. Detail URL was read from APKPure page href. Detail page What's New section could not be parsed.
Spotify,Android,Spotify AB,Music & Audio,9.0.62.603,"Jul 12, 2025",False,October 2009,,106.6 MB,106.6 MB,,,"Jul 12, 2025",,,Trusted App,Spotify AB,com.spotify.music,,"Android 7.0+ (N, API 24)",,"arm64-v8a,armeabi-v7a,x86,x86_64",,,Spotify: Music and Podcasts,Secure,,,,Other,No version-specific update reason was provided by APKPure.,not_provided,False,,,APKPure,https://apkpure.com/spotify-music-and-podcasts-for-android-2025/com.spotify.music/versions,https://apkpure.com/spotify-music-and-podcasts-for-android-2025/com.spotify.music/download/9.0.62.603,actual_href_from_versions_page,9.0.62.603,True,APKPure version/date/size; not official Google Play historical release data. Detail URL was read from APKPure page href. Detail page What's New section could not be parsed.
Spotify,Android,Spotify AB,Music & Audio,9.0.60.128,"Jul 1, 2025",False,October 2009,,106.8 MB,106.8 MB,,,"Jul 1, 2025",,,Trusted App,Spotify AB,com.spotify.music,,"Android 7.0+ (N, API 24)",,"arm64-v8a,armeabi-v7a,x86,x86_64",,,Spotify: Music and Podcasts,Secure,,,,Other,No version-specific update reason was provided by APKPure.,not_provided,False,,,APKPure,https://apkpure.com/spotify-music-and-podcasts-for-android-2025/com.spotify.music/versions,https://apkpure.com/spotify-music-and-podcasts-for-android-2025/com.spotify.music/download/9.0.60.128,actual_href_from_versions_page,9.0.60.128,True,APKPure version/date/size; not official Google Play historical release data. Detail URL was read from APKPure page href. Detail page What's New section could not be parsed.
Spotify,Android,Spotify AB,Music & Audio,9.0.58.596,"Jul 3, 2025",False,October 2009,,66.8 MB,66.8 MB,,,"Jul 3, 2025",,,Trusted App,Dinatu Rondao,com.spotify.music,,"Android 7.0+ (N, API 24)",,arm64-v8a,,,Spotify: Music and Podcasts,,,,,Other,No version-specific update reason was provided by APKPure.,not_provided,False,,,APKPure,https://apkpure.com/spotify-music-and-podcasts-for-android-2025/com.spotify.music/versions,https://apkpure.com/spotify-music-and-podcasts-for-android-2025/com.spotify.music/download/9.0.58.596,actual_href_from_versions_page,9.0.58.596,True,APKPure version/date/size; not official Google Play historical release data. Detail URL was read from APKPure page href. Detail page What's New section could not be parsed.
Spotify,Android,Spotify AB,Music & Audio,9.0.56.591,"Jun 26, 2025",False,October 2009,,66.7 MB,66.7 MB,,,"Jun 26, 2025",,,Trusted App,Avto Chaghalidze,com.spotify.music,,"Android 7.0+ (N, API 24)",,arm64-v8a,,,Spotify: Music and Podcasts,,,,,Other,No version-specific update reason was provided by APKPure.,not_provided,False,,,APKPure,https://apkpure.com/spotify-music-and-podcasts-for-android-2025/com.spotify.music/versions,https://apkpure.com/spotify-music-and-podcasts-for-android-2025/com.spotify.music/download/9.0.56.591,actual_href_from_versions_page,9.0.56.591,True,APKPure version/date/size; not official Google Play historical release data. Detail URL was read from APKPure page href. Detail page What's New section could not be parsed.
Spotify,Android,Spotify AB,Music & Audio,9.0.54.518,"Jun 18, 2025",False,October 2009,,109.5 MB,109.5 MB,,,"Jun 18, 2025",,,Trusted App,王艺冉,com.spotify.music,,"Android 7.0+ (N, API 24)",,"arm64-v8a,armeabi-v7a,x86,x86_64",,,Spotify: Music and Podcasts,Secure,,,,Other,No version-specific update reason was provided by APKPure.,not_provided,False,,,APKPure,https://apkpure.com/spotify-music-and-podcasts-for-android-2025/com.spotify.music/versions,https://apkpure.com/spotify-music-and-podcasts-for-android-2025/com.spotify.music/download/9.0.54.518,actual_href_from_versions_page,9.0.54.518,True,APKPure version/date/size; not official Google Play historical release data. Detail URL was read from APKPure page href. Detail page What's New section could not be parsed.
Spotify,Android,Spotify AB,Music & Audio,9.0.50.416,"Jun 4, 2025",False,October 2009,,70.2 MB,70.2 MB,,,"Jun 4, 2025",,,Trusted App,Mohamed Wael,com.spotify.music,,"Android 7.0+ (N, API 24)",,arm64-v8a,,,Spotify: Music and Podcasts,,,,,Other,No version-specific update reason was provided by APKPure.,not_provided,False,,,APKPure,https://apkpure.com/spotify-music-and-podcasts-for-android-2025/com.spotify.music/versions,https://apkpure.com/spotify-music-and-podcasts-for-android-2025/com.spotify.music/download/9.0.50.416,actual_href_from_versions_page,9.0.50.416,True,APKPure version/date/size; not official Google Play historical release data. Detail URL was read from APKPure page href. Detail page What's New section could not be parsed.
Spotify,Android,Spotify AB,Music & Audio,9.0.48.380,"May 29, 2025",False,October 2009,,108.6 MB,108.6 MB,,,"May 29, 2025",,,Trusted App,Dinatu Rondao,com.spotify.music,,"Android 7.0+ (N, API 24)",,"arm64-v8a,armeabi-v7a,x86,x86_64",,,Spotify: Music and Podcasts,Secure,,,,Other,No version-specific update reason was provided by APKPure.,not_provided,False,,,APKPure,https://apkpure.com/spotify-music-and-podcasts-for-android-2025/com.spotify.music/versions,https://apkpure.com/spotify-music-and-podcasts-for-android-2025/com.spotify.music/download/9.0.48.380,actual_href_from_versions_page,9.0.48.380,True,APKPure version/date/size; not official Google Play historical release data. Detail URL was read from APKPure page href. Detail page What's New section could not be parsed.
Spotify,Android,Spotify AB,Music & Audio,9.0.46.496,"May 21, 2025",False,October 2009,,108.1 MB,108.1 MB,,,"May 21, 2025",,,Trusted App,Avto Chaghalidze,com.spotify.music,,"Android 7.0+ (N, API 24)",,"arm64-v8a,armeabi-v7a,x86,x86_64",,,Spotify: Music and Podcasts,,,,,Other,No version-specific update reason was provided by APKPure.,not_provided,False,,,APKPure,https://apkpure.com/spotify-music-and-podcasts-for-android-2025/com.spotify.music/versions,https://apkpure.com/spotify-music-and-podcasts-for-android-2025/com.spotify.music/download/9.0.46.496,actual_href_from_versions_page,9.0.46.496,True,APKPure version/date/size; not official Google Play historical release data. Detail URL was read from APKPure page href. Detail page What's New section could not be parsed.
Spotify,Android,Spotify AB,Music & Audio,9.0.44.478,"May 15, 2025",False,October 2009,,108.3 MB,108.3 MB,,,"May 15, 2025",,,Trusted App,王艺冉,com.spotify.music,,"Android 7.0+ (N, API 24)",,"arm64-v8a,armeabi-v7a,x86,x86_64",,,Spotify: Music and Podcasts,Secure,,,,Other,No version-specific update reason was provided by APKPure.,not_provided,False,,,APKPure,https://apkpure.com/spotify-music-and-podcasts-for-android-2025/com.spotify.music/versions,https://apkpure.com/spotify-music-and-podcasts-for-android-2025/com.spotify.music/download/9.0.44.478,actual_href_from_versions_page,9.0.44.478,True,APKPure version/date/size; not official Google Play historical release data. Detail URL was read from APKPure page href. Detail page What's New section could not be parsed.
Spotify,Android,Spotify AB,Music & Audio,9.0.42.529,"May 7, 2025",False,October 2009,,108.1 MB,108.1 MB,,,"May 7, 2025",,,Trusted App,Nand Kumar Ranjan,com.spotify.music,,"Android 7.0+ (N, API 24)",,"arm64-v8a,armeabi-v7a,x86,x86_64",,,Spotify: Music and Podcasts,Secure,,,,Other,No version-specific update reason was provided by APKPure.,not_provided,False,,,APKPure,https://apkpure.com/spotify-music-and-podcasts-for-android-2025/com.spotify.music/versions,https://apkpure.com/spotify-music-and-podcasts-for-android-2025/com.spotify.music/download/9.0.42.529,actual_href_from_versions_page,9.0.42.529,True,APKPure version/date/size; not official Google Play historical release data. Detail URL was read from APKPure page href. Detail page What's New section could not be parsed.
Spotify,Android,Spotify AB,Music & Audio,9.0.38.116,"Apr 15, 2025",False,October 2009,,40.2 MB,40.2 MB,,,"Apr 15, 2025",,,Trusted App,Spotify AB,com.spotify.music,,"Android 7.0+ (N, API 24)",,arm64-v8a,,,Spotify: Music and Podcasts,Secure,,,,Other,No version-specific update reason was provided by APKPure.,not_provided,False,,,APKPure,https://apkpure.com/spotify-music-and-podcasts-for-android-2025/com.spotify.music/versions,https://apkpure.com/spotify-music-and-podcasts-for-android-2025/com.spotify.music/download/9.0.38.116,actual_href_from_versions_page,9.0.38.116,True,APKPure version/date/size; not official Google Play historical release data. Detail URL was read from APKPure page href. Detail page What's New section could not be parsed.
Spotify,Android,Spotify AB,Music & Audio,9.0.38.110,"Apr 13, 2025",False,October 2009,,39.8 MB,39.8 MB,,,"Apr 13, 2025",,,Trusted App,Spotify AB,com.spotify.music,,"Android 7.0+ (N, API 24)",,arm64-v8a,,,Spotify: Music and Podcasts,Secure,,,,Other,No version-specific update reason was provided by APKPure.,not_provided,False,,,APKPure,https://apkpure.com/spotify-music-and-podcasts-for-android-2025/com.spotify.music/versions,https://apkpure.com/spotify-music-and-podcasts-for-android-2025/com.spotify.music/download/9.0.38.110,actual_href_from_versions_page,9.0.38.110,True,APKPure version/date/size; not official Google Play historical release data. Detail URL was read from APKPure page href. Detail page What's New section could not be parsed.
Spotify,Android,Spotify AB,Music & Audio,9.0.34.593,"Apr 10, 2025",False,October 2009,,70.8 MB,70.8 MB,,,"Apr 10, 2025",,,Trusted App,Nand Kumar Ranjan,com.spotify.music,,"Android 7.0+ (N, API 24)",,arm64-v8a,,,Spotify: Music and Podcasts,,,,,Other,No version-specific update reason was provided by APKPure.,not_provided,False,,,APKPure,https://apkpure.com/spotify-music-and-podcasts-for-android-2025/com.spotify.music/versions,https://apkpure.com/spotify-music-and-podcasts-for-android-2025/com.spotify.music/download/9.0.34.593,actual_href_from_versions_page,9.0.34.593,True,APKPure version/date/size; not official Google Play historical release data. Detail URL was read from APKPure page href. Detail page What's New section could not be parsed.
Spotify,Android,Spotify AB,Music & Audio,9.0.32.624,"Apr 2, 2025",False,October 2009,,70.6 MB,70.6 MB,,,"Apr 2, 2025",,,Trusted App,Mohamed Wael,com.spotify.music,,"Android 7.0+ (N, API 24)",,arm64-v8a,,,Spotify: Music and Podcasts,,,,,Other,No version-specific update reason was provided by APKPure.,not_provided,False,,,APKPure,https://apkpure.com/spotify-music-and-podcasts-for-android-2025/com.spotify.music/versions,https://apkpure.com/spotify-music-and-podcasts-for-android-2025/com.spotify.music/download/9.0.32.624,actual_href_from_versions_page,9.0.32.624,True,APKPure version/date/size; not official Google Play historical release data. Detail URL was read from APKPure page href. Detail page What's New section could not be parsed.
Spotify,Android,Spotify AB,Music & Audio,9.0.32.206,"Mar 25, 2025",False,October 2009,,40.6 MB,40.6 MB,,,"Mar 25, 2025",,,Trusted App,Spotify AB,com.spotify.music,,"Android 7.0+ (N, API 24)",,arm64-v8a,,,Spotify: Music and Podcasts,Secure,,,,Other,No version-specific update reason was provided by APKPure.,not_provided,False,,,APKPure,https://apkpure.com/spotify-music-and-podcasts-for-android-2025/com.spotify.music/versions,https://apkpure.com/spotify-music-and-podcasts-for-android-2025/com.spotify.music/download/9.0.32.206,actual_href_from_versions_page,9.0.32.206,True,APKPure version/date/size; not official Google Play historical release data. Detail URL was read from APKPure page href. Detail page What's New section could not be parsed.
Spotify,Android,Spotify AB,Music & Audio,9.0.28.630,"Mar 20, 2025",False,October 2009,,107.3 MB,107.3 MB,,,"Mar 20, 2025",,,Trusted App,Mateusz Kucharski,com.spotify.music,,"Android 7.0+ (N, API 24)",,"arm64-v8a,armeabi-v7a,x86,x86_64",,,Spotify: Music and Podcasts,,,,,Other,No version-specific update reason was provided by APKPure.,not_provided,False,,,APKPure,https://apkpure.com/spotify-music-and-podcasts-for-android-2025/com.spotify.music/versions,https://apkpure.com/spotify-music-and-podcasts-for-android-2025/com.spotify.music/download/9.0.28.630,actual_href_from_versions_page,9.0.28.630,True,APKPure version/date/size; not official Google Play historical release data. Detail URL was read from APKPure page href. Detail page What's New section could not be parsed.
Spotify,Android,Spotify AB,Music & Audio,9.0.26.109,"May 13, 2025",False,October 2009,,40.4 MB,40.4 MB,,,"May 13, 2025",,,Trusted App,Spotify AB,com.spotify.music,,"Android 7.0+ (N, API 24)",,arm64-v8a,,,Spotify: Music and Podcasts,,,,,Other,No version-specific update reason was provided by APKPure.,not_provided,False,,,APKPure,https://apkpure.com/spotify-music-and-podcasts-for-android-2025/com.spotify.music/versions,https://apkpure.com/spotify-music-and-podcasts-for-android-2025/com.spotify.music/download/9.0.26.109,actual_href_from_versions_page,9.0.26.109,True,APKPure version/date/size; not official Google Play historical release data. Detail URL was read from APKPure page href. Detail page What's New section could not be parsed.
Spotify,Android,Spotify AB,Music & Audio,9.0.24.601,"May 13, 2025",False,October 2009,,74.2 MB,74.2 MB,,,"May 13, 2025",,,Trusted App,Spotify AB,com.spotify.music,,"Android 7.0+ (N, API 24)",,armeabi-v7a,,,Spotify: Music and Podcasts,,,,,Other,No version-specific update reason was provided by APKPure.,not_provided,False,,,APKPure,https://apkpure.com/spotify-music-and-podcasts-for-android-2025/com.spotify.music/versions,https://apkpure.com/spotify-music-and-podcasts-for-android-2025/com.spotify.music/download/9.0.24.601,actual_href_from_versions_page,9.0.24.601,True,APKPure version/date/size; not official Google Play historical release data. Detail URL was read from APKPure page href. Detail page What's New section could not be parsed.
Spotify,Android,Spotify AB,Music & Audio,9.0.22.543,"May 12, 2025",False,October 2009,,73.9 MB,73.9 MB,,,"May 12, 2025",,,Trusted App,Spotify AB,com.spotify.music,,"Android 7.0+ (N, API 24)",,armeabi-v7a,,,Spotify: Music and Podcasts,,,,,Other,No version-specific update reason was provided by APKPure.,not_provided,False,,,APKPure,https://apkpure.com/spotify-music-and-podcasts-for-android-2025/com.spotify.music/versions,https://apkpure.com/spotify-music-and-podcasts-for-android-2025/com.spotify.music/download/9.0.22.543,actual_href_from_versions_page,9.0.22.543,True,APKPure version/date/size; not official Google Play historical release data. Detail URL was read from APKPure page href. Detail page What's New section could not be parsed.
Spotify,Android,Spotify AB,Music & Audio,8.9.96.476,"May 15, 2025",False,October 2009,,72.2 MB,72.2 MB,,,"May 15, 2025",,,Trusted App,Spotify AB,com.spotify.music,,"Android 7.0+ (N, API 24)",,armeabi-v7a,,,Spotify: Music and Podcasts,,,,,Other,No version-specific update reason was provided by APKPure.,not_provided,False,,,APKPure,https://apkpure.com/spotify-music-and-podcasts-for-android-2025/com.spotify.music/versions,https://apkpure.com/spotify-music-and-podcasts-for-android-2025/com.spotify.music/download/8.9.96.476,actual_href_from_versions_page,8.9.96.476,True,APKPure version/date/size; not official Google Play historical release data. Detail URL was read from APKPure page href. Detail page What's New section could not be parsed.
Spotify,Android,Spotify AB,Music & Audio,8.9.76.538,"Apr 10, 2025",False,October 2009,,53.4 MB,53.4 MB,,,"Apr 10, 2025",,,Trusted App,Nguyễn Trần Thanh Duy,com.spotify.music,,"Android 5.0+ (Lollipop, API 21)",,arm64-v8a,,,Spotify: Music and Podcasts,,,,,Other,No version-specific update reason was provided by APKPure.,not_provided,False,,,APKPure,https://apkpure.com/spotify-music-and-podcasts-for-android-2025/com.spotify.music/versions,https://apkpure.com/spotify-music-and-podcasts-for-android-2025/com.spotify.music/download/8.9.76.538,actual_href_from_versions_page,8.9.76.538,True,APKPure version/date/size; not official Google Play historical release data. Detail URL was read from APKPure page href. Detail page What's New section could not be parsed.
Spotify,Android,Spotify AB,Music & Audio,9.1.46.1922,"May 3, 2026",False,October 2009,,95.1 MB,24.5 MB,,,"Apr 14, 2026",,,,APKPure,com.spotify.music,,"Android 4.4+ (Kitkat, API 19)",,"arm64-v8a,armeabi-v7a",,,,,,,,Other,No version-specific update reason was provided by APKPure.,not_provided,False,,,APKPure,https://apkpure.com/spotify-music-and-podcasts-for-android-2025/com.spotify.music/versions,https://apkpure.com/apkpure/com.apkpure.aegon/download/3.20.66?utm_content=1012&icn=aegon&ici=version&from=version,actual_href_from_versions_page,3.20.66,False,APKPure version/date/size; not official Google Play historical release data. Detail URL was read from APKPure page href. Warning: displayed version 9.1.46.1922 differs from detail URL slug 3.20.66. Detail page What's New section could not be parsed.
